country,ds,trend,yhat_lower,yhat_upper,trend_lower,trend_upper,additive_terms,additive_terms_lower,additive_terms_upper,yearly,yearly_lower,yearly_upper,multiplicative_terms,multiplicative_terms_lower,multiplicative_terms_upper,yhat
argentina,1995-12-31,-18.544275,67.09070967282803,76.80798432976482,-18.544275,-18.544275,90.66301126785542,90.66301126785542,90.66301126785542,90.66301126785542,90.66301126785542,90.66301126785542,0.0,0.0,0.0,72.11873626785543
argentina,1996-12-31,-20.008856391375772,66.27614367126337,76.39530029348924,-20.008856391375772,-20.008856391375772,91.31918680082038,91.31918680082038,91.31918680082038,91.31918680082038,91.31918680082038,91.31918680082038,0.0,0.0,0.0,71.3103304094446
argentina,1997-12-31,-21.469436191984943,65.44138463112299,75.13551213470328,-21.469436191984943,-21.469436191984943,91.5862552158981,91.5862552158981,91.5862552158981,91.5862552158981,91.5862552158981,91.5862552158981,0.0,0.0,0.0,70.11681902391317
argentina,1998-12-31,-22.930015990445366,63.481770601655704,73.36831568380511,-22.930015990445366,-22.930015990445366,91.36744334599481,91.36744334599481,91.36744334599481,91.36744334599481,91.36744334599481,91.36744334599481,0.0,0.0,0.0,68.43742735554945
argentina,1999-12-31,-24.39059579214859,61.73088485467213,70.89475819562226,-24.39059579214859,-24.39059579214859,90.66301126785376,90.66301126785376,90.66301126785376,90.66301126785376,90.66301126785376,90.66301126785376,0.0,0.0,0.0,66.27241547570517
argentina,2000-12-31,-25.85517718187919,60.94195859847386,70.33323351321876,-25.85517718187919,-25.85517718187919,91.31918680082246,91.31918680082246,91.31918680082246,91.31918680082246,91.31918680082246,91.31918680082246,0.0,0.0,0.0,65.46400961894328
argentina,2001-12-31,-27.315756979600092,59.213984633878034,68.86788202043424,-27.315756979600092,-27.315756979600092,91.58625521589757,91.58625521589757,91.58625521589757,91.58625521589757,91.58625521589757,91.58625521589757,0.0,0.0,0.0,64.27049823629747
argentina,2002-12-31,-28.776336776437464,57.65145971468546,67.00418204448636,-28.776336776437464,-28.776336776437464,91.36744334599685,91.36744334599685,91.36744334599685,91.36744334599685,91.36744334599685,91.36744334599685,0.0,0.0,0.0,62.591106569559386
argentina,2003-12-31,-30.236916575086113,55.34387072105413,65.118857764861,-30.236916575086113,-30.236916575086113,90.66301126785798,90.66301126785798,90.66301126785798,90.66301126785798,90.66301126785798,90.66301126785798,0.0,0.0,0.0,60.42609469277187
argentina,2004-12-31,-31.701486727933656,54.71185144304346,64.22567516214752,-31.701486727933656,-31.701486727933656,91.3191868008169,91.3191868008169,91.3191868008169,91.3191868008169,91.3191868008169,91.3191868008169,0.0,0.0,0.0,59.61770007288324
argentina,2005-12-31,-33.16177891421476,53.822280656792486,62.8413882394156,-33.16177891421476,-33.16177891421476,91.5862552158979,91.5862552158979,91.5862552158979,91.5862552158979,91.5862552158979,91.5862552158979,0.0,0.0,0.0,58.42447630168315
argentina,2006-12-31,-34.62075996239993,52.107734904822884,61.355146066584076,-34.62075996239993,-34.62075996239993,91.3674433459928,91.3674433459928,91.3674433459928,91.3674433459928,91.3674433459928,91.3674433459928,0.0,0.0,0.0,56.74668338359287
argentina,2007-12-31,-36.07738941919628,49.90744208345219,59.45594740462503,-36.07738941919628,-36.07738941919628,90.66301126784995,90.66301126784995,90.66301126784995,90.66301126784995,90.66301126784995,90.66301126784995,0.0,0.0,0.0,54.58562184865367
argentina,2008-12-31,-37.53679018904231,48.90596735233846,58.82912043114767,-37.53679018904231,-37.53679018904231,91.3191868008214,91.3191868008214,91.3191868008214,91.3191868008214,91.3191868008214,91.3191868008214,0.0,0.0,0.0,53.78239661177909
argentina,2009-12-31,-38.99066142338925,47.584136753419514,57.37838379316113,-38.99066142338925,-38.99066142338925,91.58625521589836,91.58625521589836,91.58625521589836,91.58625521589836,91.58625521589836,91.58625521589836,0.0,0.0,0.0,52.59559379250911
argentina,2010-12-31,-40.44226026879913,46.12059028050183,55.542820899132636,-40.44226026879913,-40.44226026879913,91.36744334599692,91.36744334599692,91.36744334599692,91.36744334599692,91.36744334599692,91.36744334599692,0.0,0.0,0.0,50.92518307719779
argentina,2011-12-31,-40.652725662756964,45.25463083755758,54.826781331051194,-40.652725662756964,-40.652725662756964,90.66301126785963,90.66301126785963,90.66301126785963,90.66301126785963,90.66301126785963,90.66301126785963,0.0,0.0,0.0,50.010285605102666
argentina,2012-12-31,-40.86260221499993,45.67218340500992,55.34497171508893,-40.86260221499993,-40.86260221499993,91.3191868008207,91.3191868008207,91.3191868008207,91.3191868008207,91.3191868008207,91.3191868008207,0.0,0.0,0.0,50.45658458582077
argentina,2013-12-31,-41.07115062862585,45.511788614951314,55.30125962685667,-41.07115062862585,-41.07115062862585,91.58625521589774,91.58625521589774,91.58625521589774,91.58625521589774,91.58625521589774,91.58625521589774,0.0,0.0,0.0,50.515104587271885
argentina,2014-12-31,-41.27847756278154,45.11690436267311,54.77691647885753,-41.27847756278154,-41.27847756278154,91.36744334599638,91.36744334599638,91.36744334599638,91.36744334599638,91.36744334599638,91.36744334599638,0.0,0.0,0.0,50.08896578321484
argentina,2015-12-31,-41.4838248035559,44.826823181111145,54.26581713243894,-41.4838248035559,-41.4838248035559,90.66301126785125,90.66301126785125,90.66301126785125,90.66301126785125,90.66301126785125,90.66301126785125,0.0,0.0,0.0,49.17918646429535
argentina,2016-12-31,-41.68868882807208,44.95116780820533,54.113337909219915,-41.68868882807208,-41.68868882807208,91.31918680081971,91.31918680081971,91.31918680081971,91.31918680081971,91.31918680081971,91.31918680081971,0.0,0.0,0.0,49.63049797274763
argentina,2017-12-31,-41.8919051475173,45.173456117624404,54.420100938646655,-41.8919051475173,-41.8919051475173,91.58625521589806,91.58625521589806,91.58625521589806,91.58625521589806,91.58625521589806,91.58625521589806,0.0,0.0,0.0,49.694350068380764
argentina,2018-12-31,-42.095112992796075,44.759468583037794,54.34063897638796,-42.095112992796075,-42.095112992796075,91.36744334599499,91.36744334599499,91.36744334599499,91.36744334599499,91.36744334599499,91.36744334599499,0.0,0.0,0.0,49.27233035319891
argentina,2019-12-31,-42.29832083807484,43.82754582296672,53.38675664152524,-42.29832083807484,-42.29832083807484,90.6630112678595,90.6630112678595,90.6630112678595,90.6630112678595,90.6630112678595,90.6630112678595,0.0,0.0,0.0,48.364690429784666
argentina,2020-12-31,-42.50208541717629,44.04145808763738,53.44196122451751,-42.50208541717629,-42.50208541717629,91.31918680082438,91.31918680082438,91.31918680082438,91.31918680082438,91.31918680082438,91.31918680082438,0.0,0.0,0.0,48.817101383648094
argentina,2021-12-31,-42.70529326245505,44.31815361979202,53.794204626161374,-42.70529326245505,-42.70529326245505,91.58625521589764,91.58625521589764,91.58625521589764,91.58625521589764,91.58625521589764,91.58625521589764,0.0,0.0,0.0,48.880961953442586
argentina,2022-12-31,-42.90850110773382,43.83155300264735,53.124284120472076,-42.90850110773382,-42.90850110773382,91.36744334599585,91.36744334599585,91.36744334599585,91.36744334599585,91.36744334599585,91.36744334599585,0.0,0.0,0.0,48.45894223826203
argentina,2023-12-31,-43.11170895301259,42.85127103523023,52.15396988005851,-43.11170895301259,-43.11170895301259,90.66301126785346,90.66301126785346,90.66301126785346,90.66301126785346,90.66301126785346,90.66301126785346,0.0,0.0,0.0,47.551302314840875
argentina,2024-12-31,-43.315473532114034,43.37276824121713,52.73085606146541,-43.34921154276371,-43.27332289001048,91.31918680081785,91.31918680081785,91.31918680081785,91.31918680081785,91.31918680081785,91.31918680081785,0.0,0.0,0.0,48.00371326870381
argentina,2025-12-31,-43.5186813773928,43.453548545586415,52.71443693424826,-43.63532812414078,-43.38896034394814,91.58625521589796,91.58625521589796,91.58625521589796,91.58625521589796,91.58625521589796,91.58625521589796,0.0,0.0,0.0,48.06757383850516
argentina,2026-12-31,-43.72188922267157,43.06129963662219,52.51544624979885,-43.959646585912154,-43.48438797755418,91.36744334599638,91.36744334599638,91.36744334599638,91.36744334599638,91.36744334599638,91.36744334599638,0.0,0.0,0.0,47.64555412332481
argentina,2027-12-31,-43.92509706795034,41.93525906295318,51.37038063507528,-44.30726610040966,-43.56914144664335,90.66301126786168,90.66301126786168,90.66301126786168,90.66301126786168,90.66301126786168,90.66301126786168,0.0,0.0,0.0,46.73791419991134
argentina,2028-12-31,-44.128861647051785,42.39796801279406,51.79763534893879,-44.687477323886974,-43.61184608087245,91.31918680081874,91.31918680081874,91.31918680081874,91.31918680081874,91.31918680081874,91.31918680081874,0.0,0.0,0.0,47.190325153766956
bolivia,1995-12-31,-26.069971199999998,62.88491637336205,70.85715386599853,-26.069971199999998,-26.069971199999998,93.05344129268157,93.05344129268157,93.05344129268157,93.05344129268157,93.05344129268157,93.05344129268157,0.0,0.0,0.0,66.98347009268157
bolivia,1996-12-31,-27.058059685772953,63.34728531806078,71.65622616805459,-27.058059685772953,-27.058059685772953,94.51623777070337,94.51623777070337,94.51623777070337,94.51623777070337,94.51623777070337,94.51623777070337,0.0,0.0,0.0,67.45817808493041
bolivia,1997-12-31,-28.043448476356136,62.71126203016283,70.26810114428513,-28.043448476356136,-28.043448476356136,94.67214512552441,94.67214512552441,94.67214512552441,94.67214512552441,94.67214512552441,94.67214512552441,0.0,0.0,0.0,66.62869664916828
bolivia,1998-12-31,-29.02883726700007,61.107764500750626,69.22211029402439,-29.02883726700007,-29.02883726700007,94.18436702848089,94.18436702848089,94.18436702848089,94.18436702848089,94.18436702848089,94.18436702848089,0.0,0.0,0.0,65.15552976148082
bolivia,1999-12-31,-30.014597853732006,59.01918010535037,67.08554957493732,-30.014597853732006,-30.014597853732006,93.05344129267876,93.05344129267876,93.05344129267876,93.05344129267876,93.05344129267876,93.05344129267876,0.0,0.0,0.0,63.03884343894675
bolivia,2000-12-31,-31.0030591571071,59.550930664090636,67.7411612016824,-31.0030591571071,-31.0030591571071,94.51623777070547,94.51623777070547,94.51623777070547,94.51623777070547,94.51623777070547,94.51623777070547,0.0,0.0,0.0,63.51317861359837
bolivia,2001-12-31,-31.988964830891415,58.59704019285523,66.37215513728991,-31.988964830891415,-31.988964830891415,94.67214512552458,94.67214512552458,94.67214512552458,94.67214512552458,94.67214512552458,94.67214512552458,0.0,0.0,0.0,62.68318029463316
bolivia,2002-12-31,-32.97545990863153,57.47922713005751,65.02146164850637,-32.97545990863153,-32.97545990863153,94.18436702848462,94.18436702848462,94.18436702848462,94.18436702848462,94.18436702848462,94.18436702848462,0.0,0.0,0.0,61.20890711985309
bolivia,2003-12-31,-33.96198073261724,55.12157722144357,62.801764583940695,-33.96198073261724,-33.96198073261724,93.05344129268526,93.05344129268526,93.05344129268526,93.05344129268526,93.05344129268526,93.05344129268526,0.0,0.0,0.0,59.09146056006802
bolivia,2004-12-31,-34.95224548725203,55.36339564591365,63.773121903068926,-34.95224548725203,-34.95224548725203,94.51623777069896,94.51623777069896,94.51623777069896,94.51623777069896,94.51623777069896,94.51623777069896,0.0,0.0,0.0,59.563992283446936
bolivia,2005-12-31,-35.94054867638255,54.78892664352925,62.68548253698552,-35.94054867638255,-35.94054867638255,94.67214512552447,94.67214512552447,94.67214512552447,94.67214512552447,94.67214512552447,94.67214512552447,0.0,0.0,0.0,58.73159644914192
bolivia,2006-12-31,-36.928851865775826,53.21297588882404,61.36781322119354,-36.928851865775826,-36.928851865775826,94.18436702847802,94.18436702847802,94.18436702847802,94.18436702847802,94.18436702847802,94.18436702847802,0.0,0.0,0.0,57.255515162702196
bolivia,2007-12-31,-37.91715505527648,51.1911602215722,59.47329170636384,-37.91715505527648,-37.91715505527648,93.05344129267368,93.05344129267368,93.05344129267368,93.05344129267368,93.05344129267368,93.05344129267368,0.0,0.0,0.0,55.1362862373972
bolivia,2008-12-31,-38.908165924985106,51.8280099651641,59.78805529805588,-38.908165924985106,-38.908165924985106,94.51623777070412,94.51623777070412,94.51623777070412,94.51623777070412,94.51623777070412,94.51623777070412,0.0,0.0,0.0,55.60807184571902
bolivia,2009-12-31,-39.896469114539656,50.904341146349665,58.84141461393954,-39.896469114539656,-39.896469114539656,94.67214512552428,94.67214512552428,94.67214512552428,94.67214512552428,94.67214512552428,94.67214512552428,0.0,0.0,0.0,54.775676010984625
bolivia,2010-12-31,-40.88477230415087,49.252540064929846,57.09355799232914,-40.88477230415087,-40.88477230415087,94.1843670284845,94.1843670284845,94.1843670284845,94.1843670284845,94.1843670284845,94.1843670284845,0.0,0.0,0.0,53.29959472433363
bolivia,2011-12-31,-41.87307549357573,47.571261356579065,55.358544639488834,-41.87307549357573,-41.87307549357573,93.05344129268786,93.05344129268786,93.05344129268786,93.05344129268786,93.05344129268786,93.05344129268786,0.0,0.0,0.0,51.18036579911213
bolivia,2012-12-31,-42.86408636307002,47.52877711247227,55.59307086264143,-42.86408636307002,-42.86408636307002,94.51623777070446,94.51623777070446,94.51623777070446,94.51623777070446,94.51623777070446,94.51623777070446,0.0,0.0,0.0,51.65215140763444
bolivia,2013-12-31,-43.852389552549816,46.93831648066072,54.80775661212219,-43.852389552549816,-43.852389552549816,94.67214512552462,94.67214512552462,94.67214512552462,94.67214512552462,94.67214512552462,94.67214512552462,0.0,0.0,0.0,50.819755572974806
bolivia,2014-12-31,-44.840692741845494,45.34771541500075,53.394868275392284,-44.840692741845494,-44.840692741845494,94.1843670284836,94.1843670284836,94.1843670284836,94.1843670284836,94.1843670284836,94.1843670284836,0.0,0.0,0.0,49.34367428663811
bolivia,2015-12-31,-45.82899593112122,43.20650265967338,51.31854071874921,-45.82899593112122,-45.82899593112122,93.05344129267512,93.05344129267512,93.05344129267512,93.05344129267512,93.05344129267512,93.05344129267512,0.0,0.0,0.0,47.2244453615539
bolivia,2016-12-31,-46.8200068000879,43.80145100097602,51.71048467145953,-46.8200068000879,-46.8200068000879,94.51623777070212,94.51623777070212,94.51623777070212,94.51623777070212,94.51623777070212,94.51623777070212,0.0,0.0,0.0,47.69623097061422
bolivia,2017-12-31,-47.808309988934276,43.163131595220655,50.87677534195626,-47.808309988934276,-47.808309988934276,94.67214512552441,94.67214512552441,94.67214512552441,94.67214512552441,94.67214512552441,94.67214512552441,0.0,0.0,0.0,46.86383513659013
bolivia,2018-12-31,-48.7966131776574,41.20985216979827,48.98639287600983,-48.7966131776574,-48.7966131776574,94.18436702848126,94.18436702848126,94.18436702848126,94.18436702848126,94.18436702848126,94.18436702848126,0.0,0.0,0.0,45.38775385082386
bolivia,2019-12-31,-49.784916366380514,39.6249623181154,47.25714740622128,-49.784916366380514,-49.784916366380514,93.05344129268761,93.05344129268761,93.05344129268761,93.05344129268761,93.05344129268761,93.05344129268761,0.0,0.0,0.0,43.268524926307094
bolivia,2020-12-31,-50.77592723507274,39.78339186324666,47.782615873412276,-50.77592723507274,-50.77592723507274,94.51623777070715,94.51623777070715,94.51623777070715,94.51623777070715,94.51623777070715,94.51623777070715,0.0,0.0,0.0,43.74031053563441
bolivia,2021-12-31,-51.76423042379586,38.85587201347279,47.09341164833509,-51.76423042379586,-51.76423042379586,94.67214512552415,94.67214512552415,94.67214512552415,94.67214512552415,94.67214512552415,94.67214512552415,0.0,0.0,0.0,42.907914701728295
bolivia,2022-12-31,-52.75253361251899,37.3086042162915,45.47890910101016,-52.75253361251899,-52.75253361251899,94.18436702848304,94.18436702848304,94.18436702848304,94.18436702848304,94.18436702848304,94.18436702848304,0.0,0.0,0.0,41.43183341596405
bolivia,2023-12-31,-53.74083680124211,35.374221096119605,43.65167142243007,-53.74083680124211,-53.74083680124211,93.05344129267894,93.05344129267894,93.05344129267894,93.05344129267894,93.05344129267894,93.05344129267894,0.0,0.0,0.0,39.31260449143683
bolivia,2024-12-31,-54.73184766993433,35.648976593031826,43.580983910943566,-54.7319332019414,-54.73175895880227,94.51623777070029,94.51623777070029,94.51623777070029,94.51623777070029,94.51623777070029,94.51623777070029,0.0,0.0,0.0,39.784390100765954
bolivia,2025-12-31,-55.720150858657455,35.04932400532956,42.733033437216754,-55.72042920103591,-55.719862606618086,94.67214512552425,94.67214512552425,94.67214512552425,94.67214512552425,94.67214512552425,94.67214512552425,0.0,0.0,0.0,38.9519942668668
bolivia,2026-12-31,-56.70845404738057,33.2920981849404,41.651785612176965,-56.708982260161754,-56.70789894891442,94.18436702848346,94.18436702848346,94.18436702848346,94.18436702848346,94.18436702848346,94.18436702848346,0.0,0.0,0.0,37.475912981102894
bolivia,2027-12-31,-57.696757236103686,31.148809524777583,39.4196755950819,-57.69760416341934,-57.69587701017851,93.05344129269056,93.05344129269056,93.05344129269056,93.05344129269056,93.05344129269056,93.05344129269056,0.0,0.0,0.0,35.35668405658688
bolivia,2028-12-31,-58.68776810479592,31.61481635499621,40.19864791352258,-58.68897011291006,-58.68655321360649,94.51623777070151,94.51623777070151,94.51623777070151,94.51623777070151,94.51623777070151,94.51623777070151,0.0,0.0,0.0,35.82846966590559
brazil,1995-12-31,10.6226066,50.49243171163932,56.18681061829285,10.6226066,10.6226066,42.65617236871513,42.65617236871513,42.65617236871513,42.65617236871513,42.65617236871513,42.65617236871513,0.0,0.0,0.0,53.27877896871513
brazil,1996-12-31,11.522979068407157,51.09596577294503,57.16463630328625,11.522979068407157,11.522979068407157,42.58351642324455,42.58351642324455,42.58351642324455,42.58351642324455,42.58351642324455,42.58351642324455,0.0,0.0,0.0,54.106495491651714
brazil,1997-12-31,12.420891503009765,51.96215403165065,58.106929591278124,12.420891503009765,12.420891503009765,42.444939515219126,42.444939515219126,42.444939515219126,42.444939515219126,42.444939515219126,42.444939515219126,0.0,0.0,0.0,54.86583101822889
brazil,1998-12-31,13.31880393772408,52.754696032704985,58.84164093396598,13.31880393772408,13.31880393772408,42.4691300077944,42.4691300077944,42.4691300077944,42.4691300077944,42.4691300077944,42.4691300077944,0.0,0.0,0.0,55.787933945518475
brazil,1999-12-31,14.21671637194466,53.6656338127484,59.9970918380907,14.21671637194466,14.21671637194466,42.656172368715836,42.656172368715836,42.656172368715836,42.656172368715836,42.656172368715836,42.656172368715836,0.0,0.0,0.0,56.8728887406605
brazil,2000-12-31,15.116830780620921,54.732238956856904,60.936748045988786,15.116830780620921,15.116830780620921,42.58351642324354,42.58351642324354,42.58351642324354,42.58351642324354,42.58351642324354,42.58351642324354,0.0,0.0,0.0,57.70034720386446
brazil,2001-12-31,16.014153480247877,55.47398317069898,61.51126890741969,16.014153480247877,16.014153480247877,42.444939515219986,42.444939515219986,42.444939515219986,42.444939515219986,42.444939515219986,42.444939515219986,0.0,0.0,0.0,58.45909299546786
brazil,2002-12-31,16.909802560846373,56.311574405297776,62.54382377465421,16.909802560846373,16.909802560846373,42.46913000779384,42.46913000779384,42.46913000779384,42.46913000779384,42.46913000779384,42.46913000779384,0.0,0.0,0.0,59.37893256864021
brazil,2003-12-31,17.80360960698375,57.34368756889695,63.56700506428072,17.80360960698375,17.80360960698375,42.65617236871455,42.65617236871455,42.65617236871455,42.65617236871455,42.65617236871455,42.65617236871455,0.0,0.0,0.0,60.4597819756983
brazil,2004-12-31,17.409447132596704,56.835555997154515,62.974976747126625,17.409447132596704,17.409447132596704,42.58351642324671,42.58351642324671,42.58351642324671,42.58351642324671,42.58351642324671,42.58351642324671,0.0,0.0,0.0,59.99296355584341
brazil,2005-12-31,17.014842741128614,56.33694038111288,62.598910916091775,17.014842741128614,17.014842741128614,42.44493951521946,42.44493951521946,42.44493951521946,42.44493951521946,42.44493951521946,42.44493951521946,0.0,0.0,0.0,59.45978225634808
brazil,2006-12-31,16.61950954958152,56.01947977836033,62.26409074123685,16.61950954958152,16.61950954958152,42.46913000779431,42.46913000779431,42.46913000779431,42.46913000779431,42.46913000779431,42.46913000779431,0.0,0.0,0.0,59.08863955737583
brazil,2007-12-31,16.224017153973307,56.033751006846195,61.950934478011376,16.224017153973307,16.224017153973307,42.6561723687165,42.6561723687165,42.6561723687165,42.6561723687165,42.6561723687165,42.6561723687165,0.0,0.0,0.0,58.880189522689804
brazil,2008-12-31,15.827441216685795,55.16861220229585,61.59267007480623,15.827441216685795,15.827441216685795,42.58351642324423,42.58351642324423,42.58351642324423,42.58351642324423,42.58351642324423,42.58351642324423,0.0,0.0,0.0,58.41095763993002
brazil,2009-12-31,15.431948819743713,54.98880668316059,61.18005013513379,15.431948819743713,15.431948819743713,42.444939515218714,42.444939515218714,42.444939515218714,42.444939515218714,42.444939515218714,42.444939515218714,0.0,0.0,0.0,57.87688833496243
brazil,2010-12-31,15.036456422509445,54.435673095937624,60.66915776558438,15.036456422509445,15.036456422509445,42.46913000779411,42.46913000779411,42.46913000779411,42.46913000779411,42.46913000779411,42.46913000779411,0.0,0.0,0.0,57.50558643030355
brazil,2011-12-31,14.640964024875284,54.13332240135033,60.435494903583134,14.640964024875284,14.640964024875284,42.656172368714046,42.656172368714046,42.656172368714046,42.656172368714046,42.656172368714046,42.656172368714046,0.0,0.0,0.0,57.29713639358933
brazil,2012-12-31,14.24438808654254,53.89416745226086,59.90807879817271,14.24438808654254,14.24438808654254,42.58351642324398,42.58351642324398,42.58351642324398,42.58351642324398,42.58351642324398,42.58351642324398,0.0,0.0,0.0,56.82790450978652
brazil,2013-12-31,13.848895688652336,53.283606804138806,59.32866110276501,13.848895688652336,13.848895688652336,42.44493951521966,42.44493951521966,42.44493951521966,42.44493951521966,42.44493951521966,42.44493951521966,0.0,0.0,0.0,56.29383520387199
brazil,2014-12-31,13.45340329027335,52.647747151125486,58.80460524946672,13.45340329027335,13.45340329027335,42.46913000779412,42.46913000779412,42.46913000779412,42.46913000779412,42.46913000779412,42.46913000779412,0.0,0.0,0.0,55.92253329806747
brazil,2015-12-31,13.057910892141628,52.51838911970735,58.799128425615734,13.057910892141628,13.057910892141628,42.65617236871637,42.65617236871637,42.65617236871637,42.65617236871637,42.65617236871637,42.65617236871637,0.0,0.0,0.0,55.714083260858
brazil,2016-12-31,12.66133495319445,52.158846031226176,58.13162623645064,12.66133495319445,12.66133495319445,42.5835164232452,42.5835164232452,42.5835164232452,42.5835164232452,42.5835164232452,42.5835164232452,0.0,0.0,0.0,55.24485137643965
brazil,2017-12-31,12.265842555354826,51.571645209280554,57.740304502525355,12.265842555354826,12.265842555354826,42.44493951521918,42.44493951521918,42.44493951521918,42.44493951521918,42.44493951521918,42.44493951521918,0.0,0.0,0.0,54.71078207057401
brazil,2018-12-31,11.870350157646449,51.30773848347168,57.552134001734,11.870350157646449,11.870350157646449,42.46913000779434,42.46913000779434,42.46913000779434,42.46913000779434,42.46913000779434,42.46913000779434,0.0,0.0,0.0,54.33948016544079
brazil,2019-12-31,11.474857759938072,51.06431714011985,57.148370159985646,11.474857759938072,11.474857759938072,42.65617236871413,42.65617236871413,42.65617236871413,42.65617236871413,42.65617236871413,42.65617236871413,0.0,0.0,0.0,54.1310301286522
brazil,2020-12-31,11.078281821414052,50.781644957561056,56.900365773244566,11.078281821414052,11.078281821414052,42.583516423242834,42.583516423242834,42.583516423242834,42.583516423242834,42.583516423242834,42.583516423242834,0.0,0.0,0.0,53.661798244656886
brazil,2021-12-31,10.682789423705675,49.958281307819014,56.15377839251529,10.682789423705675,10.682789423705675,42.44493951521984,42.44493951521984,42.44493951521984,42.44493951521984,42.44493951521984,42.44493951521984,0.0,0.0,0.0,53.127728938925515
brazil,2022-12-31,10.287297025997296,49.6759661296914,55.60913232791833,10.287297025997296,10.287297025997296,42.46913000779392,42.46913000779392,42.46913000779392,42.46913000779392,42.46913000779392,42.46913000779392,0.0,0.0,0.0,52.75642703379122
brazil,2023-12-31,9.891804628288918,49.729859087850414,55.5839334483466,9.891804628288918,9.891804628288918,42.656172368715524,42.656172368715524,42.656172368715524,42.656172368715524,42.656172368715524,42.656172368715524,0.0,0.0,0.0,52.54797699700444
brazil,2024-12-31,9.4952286897649,49.05604717607875,55.27805275623036,9.459473334814016,9.530555062612292,42.583516423246074,42.583516423246074,42.583516423246074,42.583516423246074,42.583516423246074,42.583516423246074,0.0,0.0,0.0,52.078745113010974
brazil,2025-12-31,9.099736292056523,48.456177714881555,54.770875978689816,8.980999340446026,9.215315160565089,42.4449395152193,42.4449395152193,42.4449395152193,42.4449395152193,42.4449395152193,42.4449395152193,0.0,0.0,0.0,51.54467580727582
brazil,2026-12-31,8.704243894348146,48.12501417345034,54.2949018458371,8.451298269691707,8.950824009692969,42.46913000779433,42.46913000779433,42.46913000779433,42.46913000779433,42.46913000779433,42.46913000779433,0.0,0.0,0.0,51.17337390214247
brazil,2027-12-31,8.308751496639768,47.790973419618574,54.228570136720215,7.927524148582634,8.686629590441306,42.656172368713726,42.656172368713726,42.656172368713726,42.656172368713726,42.656172368713726,42.656172368713726,0.0,0.0,0.0,50.9649238653535
brazil,2028-12-31,7.91217555811575,47.451583139034966,53.545612584385644,7.4007241138518065,8.436435996917243,42.58351642324551,42.58351642324551,42.58351642324551,42.58351642324551,42.58351642324551,42.58351642324551,0.0,0.0,0.0,50.49569198136126
chile,1995-12-31,-12.882372,71.3515348883986,73.37141789102547,-12.882372,-12.882372,85.24139024069694,85.24139024069694,85.24139024069694,85.24139024069694,85.24139024069694,85.24139024069694,0.0,0.0,0.0,72.35901824069694
chile,1996-12-31,-12.40964633558228,72.4681496540307,74.3801441026793,-12.40964633558228,-12.40964633558228,85.86293299717725,85.86293299717725,85.86293299717725,85.86293299717725,85.86293299717725,85.86293299717725,0.0,0.0,0.0,73.45328666159497
chile,1997-12-31,-11.938212254850512,73.06210325427226,75.06223868462016,-11.938212254850512,-11.938212254850512,86.02059681450241,86.02059681450241,86.02059681450241,86.02059681450241,86.02059681450241,86.02059681450241,0.0,0.0,0.0,74.0823845596519
chile,1998-12-31,-11.466975428695013,73.43652091559807,75.32804673558881,-11.466975428695013,-11.466975428695013,85.81328312001148,85.81328312001148,85.81328312001148,85.81328312001148,85.81328312001148,85.81328312001148,0.0,0.0,0.0,74.34630769131647
chile,1999-12-31,-10.99579404541851,73.28724604650584,75.25202805554774,-10.99579404541851,-10.99579404541851,85.2413902406961,85.2413902406961,85.2413902406961,85.2413902406961,85.2413902406961,85.2413902406961,0.0,0.0,0.0,74.2455961952776
chile,2000-12-31,-10.52332179087154,74.3802321425672,76.27568777037688,-10.52332179087154,-10.52332179087154,85.86293299717859,85.86293299717859,85.86293299717859,85.86293299717859,85.86293299717859,85.86293299717859,0.0,0.0,0.0,75.33961120630705
chile,2001-12-31,-10.052140491277155,74.9500125488925,76.8920119940509,-10.052140491277155,-10.052140491277155,86.02059681450275,86.02059681450275,86.02059681450275,86.02059681450275,86.02059681450275,86.02059681450275,0.0,0.0,0.0,75.9684563232256
chile,2002-12-31,-9.581037540158718,75.24976396225154,77.23213323057286,-9.581037540158718,-9.581037540158718,85.81328312001308,85.81328312001308,85.81328312001308,85.81328312001308,85.81328312001308,85.81328312001308,0.0,0.0,0.0,76.23224557985436
chile,2003-12-31,-9.111565107211296,75.11265009253576,77.10369978042874,-9.111565107211296,-9.111565107211296,85.2413902406993,85.2413902406993,85.2413902406993,85.2413902406993,85.2413902406993,85.2413902406993,0.0,0.0,0.0,76.12982513348801
chile,2004-12-31,-8.702472402365624,76.16968794037356,78.10643292354922,-8.702472402365624,-8.702472402365624,85.8629329971755,85.8629329971755,85.8629329971755,85.8629329971755,85.8629329971755,85.8629329971755,0.0,0.0,0.0,77.16046059480988
chile,2005-12-31,-8.294708250971933,76.80116906154174,78.75275502077119,-8.294708250971933,-8.294708250971933,86.02059681450255,86.02059681450255,86.02059681450255,86.02059681450255,86.02059681450255,86.02059681450255,0.0,0.0,0.0,77.72588856353062
chile,2006-12-31,-7.887807409948341,76.93650727529038,78.91361113325084,-7.887807409948341,-7.887807409948341,85.81328312000899,85.81328312000899,85.81328312000899,85.81328312000899,85.81328312000899,85.81328312000899,0.0,0.0,0.0,77.92547571006065
chile,2007-12-31,-7.808715435161182,76.4474257004847,78.4431367434098,-7.808715435161182,-7.808715435161182,85.24139024069216,85.24139024069216,85.24139024069216,85.24139024069216,85.24139024069216,85.24139024069216,0.0,0.0,0.0,77.43267480553098
chile,2008-12-31,-7.731463557116917,77.11311097621997,79.06024853257753,-7.731463557116917,-7.731463557116917,85.8629329971781,85.8629329971781,85.8629329971781,85.8629329971781,85.8629329971781,85.8629329971781,0.0,0.0,0.0,78.1314694400612
chile,2009-12-31,-7.654838721508403,77.4083995218502,79.33375692988588,-7.654838721508403,-7.654838721508403,86.02059681450227,86.02059681450227,86.02059681450227,86.02059681450227,86.02059681450227,86.02059681450227,0.0,0.0,0.0,78.36575809299387
chile,2010-12-31,-7.578266709183843,77.2719826489232,79.19019166279162,-7.578266709183843,-7.578266709183843,85.81328312001362,85.81328312001362,85.81328312001362,85.81328312001362,85.81328312001362,85.81328312001362,0.0,0.0,0.0,78.23501641082979
chile,2011-12-31,-7.501694727856275,76.76943626050794,78.69816054974278,-7.501694727856275,-7.501694727856275,85.24139024070057,85.24139024070057,85.24139024070057,85.24139024070057,85.24139024070057,85.24139024070057,0.0,0.0,0.0,77.73969551284429
chile,2012-12-31,-7.42491308297258,77.42043223794025,79.42760041748315,-7.42491308297258,-7.42491308297258,85.86293299717701,85.86293299717701,85.86293299717701,85.86293299717701,85.86293299717701,85.86293299717701,0.0,0.0,0.0,78.43801991420443
chile,2013-12-31,-7.348770782892592,77.68718042215026,79.67169939542293,-7.348770782892592,-7.348770782892592,86.02059681450264,86.02059681450264,86.02059681450264,86.02059681450264,86.02059681450264,86.02059681450264,0.0,0.0,0.0,78.67182603161005
chile,2014-12-31,-7.728324112518287,77.08500349168045,79.07173417077732,-7.728324112518287,-7.728324112518287,85.81328312001297,85.81328312001297,85.81328312001297,85.81328312001297,85.81328312001297,85.81328312001297,0.0,0.0,0.0,78.08495900749469
chile,2015-12-31,-8.11068196802156,76.10520696105131,78.0608961756578,-8.11068196802156,-8.11068196802156,85.24139024069365,85.24139024069365,85.24139024069365,85.24139024069365,85.24139024069365,85.24139024069365,0.0,0.0,0.0,77.13070827267208
chile,2016-12-31,-8.497085563470513,76.33795493631295,78.2794846747163,-8.497085563470513,-8.497085563470513,85.86293299717717,85.86293299717717,85.86293299717717,85.86293299717717,85.86293299717717,85.86293299717717,0.0,0.0,0.0,77.36584743370665
chile,2017-12-31,-8.882433463549365,76.17411585018209,78.1035621626644,-8.882433463549365,-8.882433463549365,86.02059681450241,86.02059681450241,86.02059681450241,86.02059681450241,86.02059681450241,86.02059681450241,0.0,0.0,0.0,77.13816335095305
chile,2018-12-31,-9.267781346940147,75.54774941118092,77.51684940628643,-9.267781346940147,-9.267781346940147,85.81328312001169,85.81328312001169,85.81328312001169,85.81328312001169,85.81328312001169,85.81328312001169,0.0,0.0,0.0,76.54550177307155
chile,2019-12-31,-9.653129230330928,74.60711611363818,76.59439753116928,-9.653129230330928,-9.653129230330928,85.24139024070053,85.24139024070053,85.24139024070053,85.24139024070053,85.24139024070053,85.24139024070053,0.0,0.0,0.0,75.58826101036959
chile,2020-12-31,-10.039532861347439,74.91130913543019,76.82222640734263,-10.039532861347439,-10.039532861347439,85.86293299717993,85.86293299717993,85.86293299717993,85.86293299717993,85.86293299717993,85.86293299717993,0.0,0.0,0.0,75.82340013583249
chile,2021-12-31,-10.424880744738221,74.69356656408478,76.6057015632636,-10.424880744738221,-10.424880744738221,86.02059681450271,86.02059681450271,86.02059681450271,86.02059681450271,86.02059681450271,86.02059681450271,0.0,0.0,0.0,75.59571606976449
chile,2022-12-31,-10.810228628129003,74.02195739098968,75.97788759950079,-10.810228628129003,-10.810228628129003,85.81328312001204,85.81328312001204,85.81328312001204,85.81328312001204,85.81328312001204,85.81328312001204,0.0,0.0,0.0,75.00305449188303
chile,2023-12-31,-11.195576511519784,73.03666906885645,75.04639149240765,-11.195576511519784,-11.195576511519784,85.24139024069503,85.24139024069503,85.24139024069503,85.24139024069503,85.24139024069503,85.24139024069503,0.0,0.0,0.0,74.04581372917524
chile,2024-12-31,-11.581980142536295,73.2605156879883,75.34756620346018,-11.609240198699345,-11.556879853459499,85.86293299717603,85.86293299717603,85.86293299717603,85.86293299717603,85.86293299717603,85.86293299717603,0.0,0.0,0.0,74.28095285463974
chile,2025-12-31,-11.967328025927078,73.06838089189331,75.09989655900335,-12.05603253609822,-11.884174849874798,86.0205968145025,86.0205968145025,86.0205968145025,86.0205968145025,86.0205968145025,86.0205968145025,0.0,0.0,0.0,74.05326878857542
chile,2026-12-31,-12.352675909317858,72.51848650296402,74.43797827178649,-12.51852300893586,-12.19510403650146,85.81328312001324,85.81328312001324,85.81328312001324,85.81328312001324,85.81328312001324,85.81328312001324,0.0,0.0,0.0,73.46060721069539
chile,2027-12-31,-12.738023792708638,71.41290776801762,73.59255573050983,-13.008101150632985,-12.498160943190195,85.24139024070263,85.24139024070263,85.24139024070263,85.24139024070263,85.24139024070263,85.24139024070263,0.0,0.0,0.0,72.50336644799398
chile,2028-12-31,-13.12442742372515,71.83072181056654,73.78454549849197,-13.511280338229803,-12.784489374771487,85.86293299717646,85.86293299717646,85.86293299717646,85.86293299717646,85.86293299717646,85.86293299717646,0.0,0.0,0.0,72.7385055734513
colombia,1995-12-31,3.74709219,59.553046891237436,66.48428927972425,3.74709219,3.74709219,59.20428989085413,59.20428989085413,59.20428989085413,59.20428989085413,59.20428989085413,59.20428989085413,0.0,0.0,0.0,62.95138208085413
colombia,1996-12-31,3.939180629207979,59.82183113719083,66.83493119537253,3.939180629207979,3.939180629207979,59.320876831704155,59.320876831704155,59.320876831704155,59.320876831704155,59.320876831704155,59.320876831704155,0.0,0.0,0.0,63.26005746091214
colombia,1997-12-31,4.130744237804172,60.001782071108025,67.24166505309066,4.130744237804172,4.130744237804172,59.27855032187752,59.27855032187752,59.27855032187752,59.27855032187752,59.27855032187752,59.27855032187752,0.0,0.0,0.0,63.40929455968169
colombia,1998-12-31,4.322307847928797,60.029203375208006,67.17388870507745,4.322307847928797,4.322307847928797,59.239657555014965,59.239657555014965,59.239657555014965,59.239657555014965,59.239657555014965,59.239657555014965,0.0,0.0,0.0,63.56196540294376
colombia,1999-12-31,4.5138714603534815,60.24227078777382,67.47067688021548,4.5138714603534815,4.5138714603534815,59.20428989085407,59.20428989085407,59.20428989085407,59.20428989085407,59.20428989085407,59.20428989085407,0.0,0.0,0.0,63.718161351207556
colombia,2000-12-31,4.7059599057128025,60.3171137751091,67.63182711024307,4.7059599057128025,4.7059599057128025,59.32087683170394,59.32087683170394,59.32087683170394,59.32087683170394,59.32087683170394,59.32087683170394,0.0,0.0,0.0,64.02683673741674
colombia,2001-12-31,4.897523518631562,60.59814913610192,67.73202321464251,4.897523518631562,4.897523518631562,59.27855032187788,59.27855032187788,59.27855032187788,59.27855032187788,59.27855032187788,59.27855032187788,0.0,0.0,0.0,64.17607384050945
colombia,2002-12-31,5.089088686756659,60.710388032561234,67.95969505343109,5.089088686756659,5.089088686756659,59.2396575550151,59.2396575550151,59.2396575550151,59.2396575550151,59.2396575550151,59.2396575550151,0.0,0.0,0.0,64.32874624177175
colombia,2003-12-31,5.281465493518453,60.81041501866374,68.16088663028151,5.281465493518453,5.281465493518453,59.20428989085421,59.20428989085421,59.20428989085421,59.20428989085421,59.20428989085421,59.20428989085421,0.0,0.0,0.0,64.48575538437267
colombia,2004-12-31,5.475167187567304,61.19918764449745,68.24196059459425,5.475167187567304,5.475167187567304,59.32087683170472,59.32087683170472,59.32087683170472,59.32087683170472,59.32087683170472,59.32087683170472,0.0,0.0,0.0,64.79604401927203
colombia,2005-12-31,5.669609211942913,61.23386974243624,68.56407257591992,5.669609211942913,5.669609211942913,59.278550321877646,59.278550321877646,59.278550321877646,59.278550321877646,59.278550321877646,59.278550321877646,0.0,0.0,0.0,64.94815953382056
colombia,2006-12-31,5.8662622814754615,61.39884983537617,69.07027929939069,5.8662622814754615,5.8662622814754615,59.23965755501467,59.23965755501467,59.23965755501467,59.23965755501467,59.23965755501467,59.23965755501467,0.0,0.0,0.0,65.10591983649013
colombia,2007-12-31,6.065213336884366,61.70200039629088,68.8143749418363,6.065213336884366,6.065213336884366,59.20428989085396,59.20428989085396,59.20428989085396,59.20428989085396,59.20428989085396,59.20428989085396,0.0,0.0,0.0,65.26950322773833
colombia,2008-12-31,6.266347141693381,61.96898520205186,69.10980749324025,6.266347141693381,6.266347141693381,59.32087683170413,59.32087683170413,59.32087683170413,59.32087683170413,59.32087683170413,59.32087683170413,0.0,0.0,0.0,65.58722397339751
colombia,2009-12-31,6.467038603932456,62.136361668086664,69.146634274587,6.467038603932456,6.467038603932456,59.27855032187731,59.27855032187731,59.27855032187731,59.27855032187731,59.27855032187731,59.27855032187731,0.0,0.0,0.0,65.74558892580977
colombia,2010-12-31,6.66773250838304,62.47687128731786,69.58830226021614,6.66773250838304,6.66773250838304,59.23965755501517,59.23965755501517,59.23965755501517,59.23965755501517,59.23965755501517,59.23965755501517,0.0,0.0,0.0,65.90739006339821
colombia,2011-12-31,6.868426415590495,62.284713807969815,69.7623896221434,6.868426415590495,6.868426415590495,59.204289890854284,59.204289890854284,59.204289890854284,59.204289890854284,59.204289890854284,59.204289890854284,0.0,0.0,0.0,66.07271630644478
colombia,2012-12-31,7.069670169827234,62.70220584989923,69.74846066505445,7.069670169827234,7.069670169827234,59.32087683170395,59.32087683170395,59.32087683170395,59.32087683170395,59.32087683170395,59.32087683170395,0.0,0.0,0.0,66.39054700153119
colombia,2013-12-31,7.270364076663207,62.98651067426153,70.20341903861583,7.270364076663207,7.270364076663207,59.27855032187778,59.27855032187778,59.27855032187778,59.27855032187778,59.27855032187778,59.27855032187778,0.0,0.0,0.0,66.54891439854099
colombia,2014-12-31,7.471057984602987,63.382503437571856,70.36984229390434,7.471057984602987,7.471057984602987,59.239657555015114,59.239657555015114,59.239657555015114,59.239657555015114,59.239657555015114,59.239657555015114,0.0,0.0,0.0,66.7107155396181
colombia,2015-12-31,7.671751891411615,63.33080938355976,70.3450002602533,7.671751891411615,7.671751891411615,59.204289890854,59.204289890854,59.204289890854,59.204289890854,59.204289890854,59.204289890854,0.0,0.0,0.0,66.87604178226562
colombia,2016-12-31,7.872995187191606,63.4685045559306,70.79623451073931,7.872995187191606,7.872995187191606,59.32087683170438,59.32087683170438,59.32087683170438,59.32087683170438,59.32087683170438,59.32087683170438,0.0,0.0,0.0,67.19387201889599
colombia,2017-12-31,8.073688257053467,63.63033797403288,71.23574530520068,8.073688257053467,8.073688257053467,59.278550321877546,59.278550321877546,59.278550321877546,59.278550321877546,59.278550321877546,59.278550321877546,0.0,0.0,0.0,67.35223857893101
colombia,2018-12-31,8.274337465290396,63.74914285333138,71.14831415923787,8.274337465290396,8.274337465290396,59.23965755501498,59.23965755501498,59.23965755501498,59.23965755501498,59.23965755501498,59.23965755501498,0.0,0.0,0.0,67.51399502030537
colombia,2019-12-31,8.474986673527322,64.10605942799289,71.1863293655805,8.474986673527322,8.474986673527322,59.20428989085427,59.20428989085427,59.20428989085427,59.20428989085427,59.20428989085427,59.20428989085427,0.0,0.0,0.0,67.6792765643816
colombia,2020-12-31,8.676185605622434,64.67411457283086,71.59263646134512,8.676185605622434,8.676185605622434,59.32087683170381,59.32087683170381,59.32087683170381,59.32087683170381,59.32087683170381,59.32087683170381,0.0,0.0,0.0,67.99706243732625
colombia,2021-12-31,8.876834813859363,64.33913804178977,71.75643422751142,8.876834813859363,8.876834813859363,59.27855032187782,59.27855032187782,59.27855032187782,59.27855032187782,59.27855032187782,59.27855032187782,0.0,0.0,0.0,68.15538513573719
colombia,2022-12-31,9.07748402209629,64.4107182704281,71.49862696375854,9.07748402209629,9.07748402209629,59.23965755501499,59.23965755501499,59.23965755501499,59.23965755501499,59.23965755501499,59.23965755501499,0.0,0.0,0.0,68.31714157711129
colombia,2023-12-31,9.278133230333218,64.92363629979273,72.13977202394712,9.278133230333218,9.278133230333218,59.20428989085408,59.20428989085408,59.20428989085408,59.20428989085408,59.20428989085408,59.20428989085408,0.0,0.0,0.0,68.4824231211873
colombia,2024-12-31,9.479332162428332,65.36396061631093,72.3341543863457,9.479027136438502,9.47963721014905,59.32087683170457,59.32087683170457,59.32087683170457,59.32087683170457,59.32087683170457,59.32087683170457,0.0,0.0,0.0,68.8002089941329
colombia,2025-12-31,9.679981370665258,65.2368385796054,72.6984176049,9.67904514933838,9.680969955600938,59.27855032187755,59.27855032187755,59.27855032187755,59.27855032187755,59.27855032187755,59.27855032187755,0.0,0.0,0.0,68.9585316925428
colombia,2026-12-31,9.880630578902185,65.8304640973032,72.99865315664238,9.878773273398362,9.882427431690772,59.23965755501515,59.23965755501515,59.23965755501515,59.23965755501515,59.23965755501515,59.23965755501515,0.0,0.0,0.0,69.12028813391734
colombia,2027-12-31,10.081279787139113,65.42060701774085,72.73231451675235,10.078257523269066,10.084053928477072,59.20428989085432,59.20428989085432,59.20428989085432,59.20428989085432,59.20428989085432,59.20428989085432,0.0,0.0,0.0,69.28556967799344
colombia,2028-12-31,10.282478719234224,65.85442095590528,73.04836836104867,10.27838139300637,10.286178539517499,59.320876831704396,59.320876831704396,59.320876831704396,59.320876831704396,59.320876831704396,59.320876831704396,0.0,0.0,0.0,69.60335555093862
ecuador,1995-12-31,10.637899599999999,57.707421193970504,63.752322942879466,10.637899599999999,10.637899599999999,50.29532676089004,50.29532676089004,50.29532676089004,50.29532676089004,50.29532676089004,50.29532676089004,0.0,0.0,0.0,60.93322636089004
ecuador,1996-12-31,9.948795061249633,57.62010419214954,63.644622875828446,9.948795061249633,9.948795061249633,50.70392197079203,50.70392197079203,50.70392197079203,50.70392197079203,50.70392197079203,50.70392197079203,0.0,0.0,0.0,60.652717032041664
ecuador,1997-12-31,9.261573323773487,56.736433932481155,62.55570415851069,9.261573323773487,9.261573323773487,50.414218463422344,50.414218463422344,50.414218463422344,50.414218463422344,50.414218463422344,50.414218463422344,0.0,0.0,0.0,59.675791787195834
ecuador,1998-12-31,8.574351588001967,55.96277260807348,61.84085192412804,8.574351588001967,8.574351588001967,50.27799564931697,50.27799564931697,50.27799564931697,50.27799564931697,50.27799564931697,50.27799564931697,0.0,0.0,0.0,58.85234723731894
ecuador,1999-12-31,7.8871298529291325,55.381878568547755,61.216162565323486,7.8871298529291325,7.8871298529291325,50.295326760889395,50.295326760889395,50.295326760889395,50.295326760889395,50.295326760889395,50.295326760889395,0.0,0.0,0.0,58.18245661381853
ecuador,2000-12-31,7.198025320400245,54.84631487083515,60.69089818050046,7.198025320400245,7.198025320400245,50.70392197079055,50.70392197079055,50.70392197079055,50.70392197079055,50.70392197079055,50.70392197079055,0.0,0.0,0.0,57.9019472911908
ecuador,2001-12-31,6.51080358458767,53.92213636461292,59.62954063505457,6.51080358458767,6.51080358458767,50.41421846342324,50.41421846342324,50.41421846342324,50.41421846342324,50.41421846342324,50.41421846342324,0.0,0.0,0.0,56.92502204801091
ecuador,2002-12-31,5.823581852214582,53.34834272766257,59.15201123924865,5.823581852214582,5.823581852214582,50.277995649317404,50.277995649317404,50.277995649317404,50.277995649317404,50.277995649317404,50.277995649317404,0.0,0.0,0.0,56.101577501531985
ecuador,2003-12-31,5.136360118451994,52.31397259271472,58.370020795437746,5.136360118451994,5.136360118451994,50.2953267608892,50.2953267608892,50.2953267608892,50.2953267608892,50.2953267608892,50.2953267608892,0.0,0.0,0.0,55.4316868793412
ecuador,2004-12-31,4.447255585273666,52.15474239586741,58.114894468289464,4.447255585273666,4.447255585273666,50.70392197079358,50.70392197079358,50.70392197079358,50.70392197079358,50.70392197079358,50.70392197079358,0.0,0.0,0.0,55.151177556067246
ecuador,2005-12-31,3.760033850893986,51.21375344202999,57.226032027212185,3.760033850893986,3.760033850893986,50.4142184634226,50.4142184634226,50.4142184634226,50.4142184634226,50.4142184634226,50.4142184634226,0.0,0.0,0.0,54.17425231431658
ecuador,2006-12-31,3.0728291964530037,50.73078158112702,56.271555119213694,3.0728291964530037,3.0728291964530037,50.27799564931774,50.27799564931774,50.27799564931774,50.27799564931774,50.27799564931774,50.27799564931774,0.0,0.0,0.0,53.350824845770745
ecuador,2007-12-31,2.3856245422903717,49.61415756408891,55.649788253548294,2.3856245422903717,2.3856245422903717,50.29532676089139,50.29532676089139,50.29532676089139,50.29532676089139,50.29532676089139,50.29532676089139,0.0,0.0,0.0,52.680951303181764
ecuador,2008-12-31,1.696537135938314,49.70972662594089,55.15563277990039,1.696537135938314,1.696537135938314,50.70392197079103,50.70392197079103,50.70392197079103,50.70392197079103,50.70392197079103,50.70392197079103,0.0,0.0,0.0,52.40045910672934
ecuador,2009-12-31,1.00933302571461,48.59939631413298,54.399716254770205,1.00933302571461,1.00933302571461,50.414218463421804,50.414218463421804,50.414218463421804,50.414218463421804,50.414218463421804,50.414218463421804,0.0,0.0,0.0,51.423551489136415
ecuador,2010-12-31,0.3222160192811357,47.367337592488305,53.19238792013324,0.3222160192811357,0.3222160192811357,50.277995649316914,50.277995649316914,50.277995649316914,50.277995649316914,50.277995649316914,50.277995649316914,0.0,0.0,0.0,50.60021166859805
ecuador,2011-12-31,-0.3647602279984352,46.959854135766946,52.88072951011893,-0.3647602279984352,-0.3647602279984352,50.29532676088913,50.29532676088913,50.29532676088913,50.29532676088913,50.29532676088913,50.29532676088913,0.0,0.0,0.0,49.930566532890694
ecuador,2012-12-31,-1.0523803896697106,46.62546116939278,52.53017131124774,-1.0523803896697106,-1.0523803896697106,50.703921970792365,50.703921970792365,50.703921970792365,50.703921970792365,50.703921970792365,50.703921970792365,0.0,0.0,0.0,49.65154158112266
ecuador,2013-12-31,-0.9189296625259891,46.53797568056387,52.244040775826434,-0.9189296625259891,-0.9189296625259891,50.41421846342309,50.41421846342309,50.41421846342309,50.41421846342309,50.41421846342309,50.41421846342309,0.0,0.0,0.0,49.4952888008971
ecuador,2014-12-31,-0.7834607065593481,46.67928670743099,52.313316314028995,-0.7834607065593481,-0.7834607065593481,50.277995649317056,50.277995649317056,50.277995649317056,50.277995649317056,50.277995649317056,50.277995649317056,0.0,0.0,0.0,49.49453494275771
ecuador,2015-12-31,-0.6469011376592959,46.54131296744619,52.733603423171374,-0.6469011376592959,-0.6469011376592959,50.295326760890404,50.295326760890404,50.295326760890404,50.295326760890404,50.295326760890404,50.295326760890404,0.0,0.0,0.0,49.648425623231105
ecuador,2016-12-31,-0.5079814224496667,47.29533655742294,53.26294016750314,-0.5079814224496667,-0.5079814224496667,50.70392197079192,50.70392197079192,50.70392197079192,50.70392197079192,50.70392197079192,50.70392197079192,0.0,0.0,0.0,50.19594054834225
ecuador,2017-12-31,-0.36793819357166196,47.15046088851645,53.003921435214004,-0.36793819357166196,-0.36793819357166196,50.41421846342236,50.41421846342236,50.41421846342236,50.41421846342236,50.41421846342236,50.41421846342236,0.0,0.0,0.0,50.0462802698507
ecuador,2018-12-31,-0.2278508182391706,46.95622454741182,53.07452189252702,-0.2278508182391706,-0.2278508182391706,50.27799564931703,50.27799564931703,50.27799564931703,50.27799564931703,50.27799564931703,50.27799564931703,0.0,0.0,0.0,50.05014483107786
ecuador,2019-12-31,-0.08776344290667965,47.20824118786118,53.302758050621804,-0.08776344290667965,-0.08776344290667965,50.29532676088902,50.29532676088902,50.29532676088902,50.29532676088902,50.29532676088902,50.29532676088902,0.0,0.0,0.0,50.20756331798234
ecuador,2020-12-31,0.05270773345411992,47.763978658837445,53.726580477011915,0.05270773345411992,0.05270773345411992,50.70392197078908,50.70392197078908,50.70392197078908,50.70392197078908,50.70392197078908,50.70392197078908,0.0,0.0,0.0,50.7566297042432
ecuador,2021-12-31,0.19279510878661088,47.66044933949232,53.57173015322231,0.19279510878661088,0.19279510878661088,50.41421846342276,50.41421846342276,50.41421846342276,50.41421846342276,50.41421846342276,50.41421846342276,0.0,0.0,0.0,50.607013572209375
ecuador,2022-12-31,0.33288248411910226,47.59769337002279,53.325671087969106,0.33288248411910226,0.33288248411910226,50.277995649317596,50.277995649317596,50.277995649317596,50.277995649317596,50.277995649317596,50.277995649317596,0.0,0.0,0.0,50.6108781334367
ecuador,2023-12-31,0.4729698594515932,48.0354083482184,53.80021188733648,0.4729698594515932,0.4729698594515932,50.29532676089085,50.29532676089085,50.29532676089085,50.29532676089085,50.29532676089085,50.29532676089085,0.0,0.0,0.0,50.76829662034245
ecuador,2024-12-31,0.6134410358123927,48.23753619291949,54.174581297565574,0.5864737203437044,0.6380759193282273,50.70392197079311,50.70392197079311,50.70392197079311,50.70392197079311,50.70392197079311,50.70392197079311,0.0,0.0,0.0,51.317363006605504
ecuador,2025-12-31,0.7535284111448841,48.17980167766922,54.09311046713719,0.6692085246062931,0.8285964235943717,50.41421846342222,50.41421846342222,50.41421846342222,50.41421846342222,50.41421846342222,50.41421846342222,0.0,0.0,0.0,51.16774687456711
ecuador,2026-12-31,0.8936157864773747,48.37192752070102,54.05331724403441,0.7267792938380288,1.0469805139309425,50.2779956493167,50.2779956493167,50.2779956493167,50.2779956493167,50.2779956493167,50.2779956493167,0.0,0.0,0.0,51.17161143579408
ecuador,2027-12-31,1.033703161809866,48.341659663208816,54.227000344710184,0.7714446939137996,1.288212775563923,50.295326760888265,50.295326760888265,50.295326760888265,50.295326760888265,50.295326760888265,50.295326760888265,0.0,0.0,0.0,51.32902992269813
ecuador,2028-12-31,1.1741743381706655,49.06376966812299,54.98408389169585,0.8083584570508995,1.5219498093908066,50.703921970792734,50.703921970792734,50.703921970792734,50.703921970792734,50.703921970792734,50.703921970792734,0.0,0.0,0.0,51.8780963089634
guyana,1995-12-31,-46.849705,46.431113211773265,52.99324511294383,-46.849705,-46.849705,96.50124199279897,96.50124199279897,96.50124199279897,96.50124199279897,96.50124199279897,96.50124199279897,0.0,0.0,0.0,49.65153699279897
guyana,1996-12-31,-46.584411866529784,46.19204341769739,52.843872262405945,-46.584411866529784,-46.584411866529784,96.15929705117759,96.15929705117759,96.15929705117759,96.15929705117759,96.15929705117759,96.15929705117759,0.0,0.0,0.0,49.574885184647805
guyana,1997-12-31,-46.31984358034045,47.66749452553139,54.219229563726294,-46.31984358034045,-46.31984358034045,97.33845432454912,97.33845432454912,97.33845432454912,97.33845432454912,97.33845432454912,97.33845432454912,0.0,0.0,0.0,51.01861074420867
guyana,1998-12-31,-46.055275296312075,48.00645891031538,54.86422180321865,-46.055275296312075,-46.055275296312075,97.45249435952422,97.45249435952422,97.45249435952422,97.45249435952422,97.45249435952422,97.45249435952422,0.0,0.0,0.0,51.39721906321215
guyana,1999-12-31,-45.79070701525536,47.650882416074474,54.11631864904771,-45.79070701525536,-45.79070701525536,96.50124199279743,96.50124199279743,96.50124199279743,96.50124199279743,96.50124199279743,96.50124199279743,0.0,0.0,0.0,50.710534977542075
guyana,2000-12-31,-45.52541388998138,47.22669862530011,53.93826155722189,-45.52541388998138,-45.52541388998138,96.15929705118457,96.15929705118457,96.15929705118457,96.15929705118457,96.15929705118457,96.15929705118457,0.0,0.0,0.0,50.63388316120319
guyana,2001-12-31,-45.26084560757865,48.72956217299562,55.32311561418394,-45.26084560757865,-45.26084560757865,97.3384543245451,97.3384543245451,97.3384543245451,97.3384543245451,97.3384543245451,97.3384543245451,0.0,0.0,0.0,52.077608716966445
guyana,2002-12-31,-44.996277322263424,49.30308968590507,55.78612051084283,-44.996277322263424,-44.996277322263424,97.45249435952607,97.45249435952607,97.45249435952607,97.45249435952607,97.45249435952607,97.45249435952607,0.0,0.0,0.0,52.45621703726265
guyana,2003-12-31,-44.73170903849902,48.25945834700467,54.904550794736885,-44.73170903849902,-44.73170903849902,96.50124199280378,96.50124199280378,96.50124199280378,96.50124199280378,96.50124199280378,96.50124199280378,0.0,0.0,0.0,51.769532954304765
guyana,2004-12-31,-44.46641590838635,48.385508471842506,54.975626345907145,-44.46641590838635,-44.46641590838635,96.15929705116733,96.15929705116733,96.15929705116733,96.15929705116733,96.15929705116733,96.15929705116733,0.0,0.0,0.0,51.692881142780976
guyana,2005-12-31,-44.201847619308836,49.66956730950219,56.48781670791222,-44.201847619308836,-44.201847619308836,97.33845432454774,97.33845432454774,97.33845432454774,97.33845432454774,97.33845432454774,97.33845432454774,0.0,0.0,0.0,53.136606705238904
guyana,2006-12-31,-43.93727932955765,50.23816389275909,56.72851159195247,-43.93727932955765,-43.93727932955765,97.45249435952175,97.45249435952175,97.45249435952175,97.45249435952175,97.45249435952175,97.45249435952175,0.0,0.0,0.0,53.515215029964104
guyana,2007-12-31,-43.67269104603082,49.651977405168836,55.95463604022612,-43.67269104603082,-43.67269104603082,96.50124199278952,96.50124199278952,96.50124199278952,96.50124199278952,96.50124199278952,96.50124199278952,0.0,0.0,0.0,52.828550946758696
guyana,2008-12-31,-43.407377641528285,49.49299334045391,56.21182628449172,-43.407377641528285,-43.407377641528285,96.15929705118138,96.15929705118138,96.15929705118138,96.15929705118138,96.15929705118138,96.15929705118138,0.0,0.0,0.0,52.7519194096531
guyana,2009-12-31,-43.141901974933326,51.031044639075304,57.66173556649556,-43.141901974933326,-43.141901974933326,97.33845432455165,97.33845432455165,97.33845432455165,97.33845432455165,97.33845432455165,97.33845432455165,0.0,0.0,0.0,54.19655234961832
guyana,2010-12-31,-42.87459705862413,51.41796965876535,57.96702263747657,-42.87459705862413,-42.87459705862413,97.45249435952655,97.45249435952655,97.45249435952655,97.45249435952655,97.45249435952655,97.45249435952655,0.0,0.0,0.0,54.57789730090242
guyana,2011-12-31,-42.60449553904663,50.713498816257164,57.29142174099566,-42.60449553904663,-42.60449553904663,96.50124199280621,96.50124199280621,96.50124199280621,96.50124199280621,96.50124199280621,96.50124199280621,0.0,0.0,0.0,53.89674645375958
guyana,2012-12-31,-42.331665441108775,50.4392020038711,57.100265522845035,-42.331665441108775,-42.331665441108775,96.15929705117753,96.15929705117753,96.15929705117753,96.15929705117753,96.15929705117753,96.15929705117753,0.0,0.0,0.0,53.82763161006876
guyana,2013-12-31,-42.05805603881567,51.9533508457782,58.73285997166448,-42.05805603881567,-42.05805603881567,97.3384543245461,97.3384543245461,97.3384543245461,97.3384543245461,97.3384543245461,97.3384543245461,0.0,0.0,0.0,55.280398285730435
guyana,2014-12-31,-41.783846677578346,52.091743267466846,58.85044320374613,-41.783846677578346,-41.783846677578346,97.45249435952603,97.45249435952603,97.45249435952603,97.45249435952603,97.45249435952603,97.45249435952603,0.0,0.0,0.0,55.66864768194768
guyana,2015-12-31,-41.508361014520354,51.62464628898125,58.083756725484214,-41.508361014520354,-41.508361014520354,96.50124199279257,96.50124199279257,96.50124199279257,96.50124199279257,96.50124199279257,96.50124199279257,0.0,0.0,0.0,54.99288097827222
guyana,2016-12-31,-41.23188888740796,51.50661039308378,58.245447288482325,-41.23188888740796,-41.23188888740796,96.15929705117631,96.15929705117631,96.15929705117631,96.15929705117631,96.15929705117631,96.15929705117631,0.0,0.0,0.0,54.92740816376835
guyana,2017-12-31,-40.95578542337631,52.99657076594595,59.538364605288066,-40.95578542337631,-40.95578542337631,97.3384543245489,97.3384543245489,97.3384543245489,97.3384543245489,97.3384543245489,97.3384543245489,0.0,0.0,0.0,56.38266890117259
guyana,2018-12-31,-40.67968195621484,53.27658371436428,60.3058496097576,-40.67968195621484,-40.67968195621484,97.4524943595245,97.4524943595245,97.4524943595245,97.4524943595245,97.4524943595245,97.4524943595245,0.0,0.0,0.0,56.77281240330965
guyana,2019-12-31,-40.403578489053366,52.92699931028948,59.520336021372735,-40.403578489053366,-40.403578489053366,96.50124199280626,96.50124199280626,96.50124199280626,96.50124199280626,96.50124199280626,96.50124199280626,0.0,0.0,0.0,56.09766350375289
guyana,2020-12-31,-40.12671857403665,52.53125319906588,59.16544652937309,-40.12671857403665,-40.12671857403665,96.159297051191,96.159297051191,96.159297051191,96.159297051191,96.159297051191,96.159297051191,0.0,0.0,0.0,56.03257847715435
guyana,2021-12-31,-39.85061510687518,54.178651000885345,60.91082751060184,-39.85061510687518,-39.85061510687518,97.33845432454648,97.33845432454648,97.33845432454648,97.33845432454648,97.33845432454648,97.33845432454648,0.0,0.0,0.0,57.487839217671294
guyana,2022-12-31,-39.574511639713705,54.551451857224066,61.26666011992323,-39.574511639713705,-39.574511639713705,97.45249435952492,97.45249435952492,97.45249435952492,97.45249435952492,97.45249435952492,97.45249435952492,0.0,0.0,0.0,57.877982719811214
guyana,2023-12-31,-39.298408172552236,53.82602078294145,60.45038527308571,-39.298408172552236,-39.298408172552236,96.50124199279522,96.50124199279522,96.50124199279522,96.50124199279522,96.50124199279522,96.50124199279522,0.0,0.0,0.0,57.20283382024298
guyana,2024-12-31,-39.02154825753553,53.96614474021968,60.50007608445686,-39.02193221860654,-39.02118886746662,96.15929705117013,96.15929705117013,96.15929705117013,96.15929705117013,96.15929705117013,96.15929705117013,0.0,0.0,0.0,57.1377487936346
guyana,2025-12-31,-38.74544479037406,55.299058179137084,61.83750377196099,-38.74666139842279,-38.74427215209236,97.33845432454912,97.33845432454912,97.33845432454912,97.33845432454912,97.33845432454912,97.33845432454912,0.0,0.0,0.0,58.59300953417506
guyana,2026-12-31,-38.46934132321258,55.620702336428145,62.48053190952582,-38.471597026728936,-38.46689670696583,97.45249435952607,97.45249435952607,97.45249435952607,97.45249435952607,97.45249435952607,97.45249435952607,0.0,0.0,0.0,58.98315303631349
guyana,2027-12-31,-38.193237856051105,54.83892683440143,61.850153205044336,-38.196845184016105,-38.18938327141487,96.50124199281034,96.50124199281034,96.50124199281034,96.50124199281034,96.50124199281034,96.50124199281034,0.0,0.0,0.0,58.30800413675923
guyana,2028-12-31,-37.9163779410344,55.07170230932095,61.14178203851358,-37.921606561772286,-37.9108685754877,96.15929705117291,96.15929705117291,96.15929705117291,96.15929705117291,96.15929705117291,96.15929705117291,0.0,0.0,0.0,58.242919110138516
paraguay,1995-12-31,14.3920377,65.20497382797481,68.88023545755027,14.3920377,14.3920377,52.67709125634211,52.67709125634211,52.67709125634211,52.67709125634211,52.67709125634211,52.67709125634211,0.0,0.0,0.0,67.06912895634211
paraguay,1996-12-31,13.391979876180699,64.81907063285296,68.60598476226426,13.391979876180699,13.391979876180699,53.3037296449593,53.3037296449593,53.3037296449593,53.3037296449593,53.3037296449593,53.3037296449593,0.0,0.0,0.0,66.69570952114
paraguay,1997-12-31,12.39465445104522,63.23764611053311,67.09868807566875,12.39465445104522,12.39465445104522,52.868490378849316,52.868490378849316,52.868490378849316,52.868490378849316,52.868490378849316,52.868490378849316,0.0,0.0,0.0,65.26314482989454
paraguay,1998-12-31,11.397329025532429,62.192147798000796,65.84023492747085,11.397329025532429,11.397329025532429,52.65958436380545,52.65958436380545,52.65958436380545,52.65958436380545,52.65958436380545,52.65958436380545,0.0,0.0,0.0,64.05691338933788
paraguay,1999-12-31,10.40000360047109,61.26163898003354,65.06244822051843,10.40000360047109,10.40000360047109,52.6770912563409,52.6770912563409,52.6770912563409,52.6770912563409,52.6770912563409,52.6770912563409,0.0,0.0,0.0,63.07709485681199
paraguay,2000-12-31,9.399945776236706,60.93939615353015,64.63012763966677,9.399945776236706,9.399945776236706,53.303729644957215,53.303729644957215,53.303729644957215,53.303729644957215,53.303729644957215,53.303729644957215,0.0,0.0,0.0,62.70367542119392
paraguay,2001-12-31,8.402620351282744,59.43434318103208,63.12727569158231,8.402620351282744,8.402620351282744,52.86849037885045,52.86849037885045,52.86849037885045,52.86849037885045,52.86849037885045,52.86849037885045,0.0,0.0,0.0,61.271110730133195
paraguay,2002-12-31,7.405425173663282,58.22334411535611,61.94075784415079,7.405425173663282,7.405425173663282,52.659584363806125,52.659584363806125,52.659584363806125,52.659584363806125,52.659584363806125,52.659584363806125,0.0,0.0,0.0,60.06500953746941
paraguay,2003-12-31,6.40858488065074,57.213865488247436,61.058571148335815,6.40858488065074,6.40858488065074,52.67709125634071,52.67709125634071,52.67709125634071,52.67709125634071,52.67709125634071,52.67709125634071,0.0,0.0,0.0,59.08567613699145
paraguay,2004-12-31,5.409678805750431,56.88682797090551,60.474541079515184,5.409678805750431,5.409678805750431,53.3037296449614,53.3037296449614,53.3037296449614,53.3037296449614,53.3037296449614,53.3037296449614,0.0,0.0,0.0,58.71340845071183
paraguay,2005-12-31,5.145777245450122,56.19633334301003,59.79818248212673,5.145777245450122,5.145777245450122,52.8684903788496,52.8684903788496,52.8684903788496,52.8684903788496,52.8684903788496,52.8684903788496,0.0,0.0,0.0,58.01426762429972
paraguay,2006-12-31,5.469804786841414,56.147442612822466,59.94105305282713,5.469804786841414,5.469804786841414,52.659584363806694,52.659584363806694,52.659584363806694,52.659584363806694,52.659584363806694,52.659584363806694,0.0,0.0,0.0,58.12938915064811
paraguay,2007-12-31,5.793932245243184,56.67107282192091,60.34208385385886,5.793932245243184,5.793932245243184,52.677091256344056,52.677091256344056,52.677091256344056,52.677091256344056,52.677091256344056,52.677091256344056,0.0,0.0,0.0,58.47102350158724
paraguay,2008-12-31,6.118947725207989,57.683041794306575,61.307682376385834,6.118947725207989,6.118947725207989,53.30372964495777,53.30372964495777,53.30372964495777,53.30372964495777,53.30372964495777,53.30372964495777,0.0,0.0,0.0,59.42267737016576
paraguay,2009-12-31,6.443075184063827,57.3854432776988,61.192866428121675,6.443075184063827,6.443075184063827,52.868490378848506,52.868490378848506,52.868490378848506,52.868490378848506,52.868490378848506,52.868490378848506,0.0,0.0,0.0,59.311565562912335
paraguay,2010-12-31,6.767202642639626,57.5525366224353,61.3679715022102,6.767202642639626,6.767202642639626,52.659584363805244,52.659584363805244,52.659584363805244,52.659584363805244,52.659584363805244,52.659584363805244,0.0,0.0,0.0,59.42678700644487
paraguay,2011-12-31,7.090852033819557,58.0610149446172,61.66467924972731,7.090852033819557,7.090852033819557,52.677091256340695,52.677091256340695,52.677091256340695,52.677091256340695,52.677091256340695,52.677091256340695,0.0,0.0,0.0,59.767943290160254
paraguay,2012-12-31,7.414140574851043,58.75781362619813,62.3310077681135,7.414140574851043,7.414140574851043,53.3037296449601,53.3037296449601,53.3037296449601,53.3037296449601,53.3037296449601,53.3037296449601,0.0,0.0,0.0,60.71787021981115
paraguay,2013-12-31,7.7349161260966355,58.77298966150281,62.432291279758,7.7349161260966355,7.7349161260966355,52.86849037885036,52.86849037885036,52.86849037885036,52.86849037885036,52.86849037885036,52.86849037885036,0.0,0.0,0.0,60.603406504946996
paraguay,2014-12-31,8.054273628108826,58.91210344080649,62.52340326695611,8.054273628108826,8.054273628108826,52.659584363805514,52.659584363805514,52.659584363805514,52.659584363805514,52.659584363805514,52.659584363805514,0.0,0.0,0.0,60.71385799191434
paraguay,2015-12-31,8.37267915786752,59.263495068419026,62.99700083182652,8.37267915786752,8.37267915786752,52.6770912563425,52.6770912563425,52.6770912563425,52.6770912563425,52.6770912563425,52.6770912563425,0.0,0.0,0.0,61.049770414210016
paraguay,2016-12-31,8.691936990526091,60.19540917483444,64.00963514923706,8.691936990526091,8.691936990526091,53.303729644959056,53.303729644959056,53.303729644959056,53.303729644959056,53.303729644959056,53.303729644959056,0.0,0.0,0.0,61.99566663548515
paraguay,2017-12-31,9.010053635976146,59.985462093523886,63.683043388038946,9.010053635976146,9.010053635976146,52.86849037884929,52.86849037884929,52.86849037884929,52.86849037884929,52.86849037884929,52.86849037884929,0.0,0.0,0.0,61.87854401482544
paraguay,2018-12-31,9.32802414174651,60.098820193664835,63.84399837136642,9.32802414174651,9.32802414174651,52.659584363805465,52.659584363805465,52.659584363805465,52.659584363805465,52.659584363805465,52.659584363805465,0.0,0.0,0.0,61.987608505551975
paraguay,2019-12-31,9.645994647516876,60.47469303501734,64.1683654382556,9.645994647516876,9.645994647516876,52.67709125634051,52.67709125634051,52.67709125634051,52.67709125634051,52.67709125634051,52.67709125634051,0.0,0.0,0.0,62.32308590385739
paraguay,2020-12-31,9.964836305357847,61.36672239014753,65.1138609497131,9.964836305357847,9.964836305357847,53.30372964495496,53.30372964495496,53.30372964495496,53.30372964495496,53.30372964495496,53.30372964495496,0.0,0.0,0.0,63.26856595031281
paraguay,2021-12-31,10.28280681112821,61.35428883498009,64.82346635618012,10.28280681112821,10.28280681112821,52.868490378849735,52.868490378849735,52.868490378849735,52.868490378849735,52.868490378849735,52.868490378849735,0.0,0.0,0.0,63.151297189977946
paraguay,2022-12-31,10.600777316898577,61.334591591659034,65.15463835830171,10.600777316898577,10.600777316898577,52.659584363806395,52.659584363806395,52.659584363806395,52.659584363806395,52.659584363806395,52.659584363806395,0.0,0.0,0.0,63.260361680704975
paraguay,2023-12-31,10.918747822668943,61.63092505862067,65.26984573033846,10.918747822668943,10.918747822668943,52.677091256343274,52.677091256343274,52.677091256343274,52.677091256343274,52.677091256343274,52.677091256343274,0.0,0.0,0.0,63.595839079012215
paraguay,2024-12-31,11.237589480509913,62.66062635019781,66.20539008911443,11.196891234328708,11.278657227072795,53.30372964496086,53.30372964496086,53.30372964496086,53.30372964496086,53.30372964496086,53.30372964496086,0.0,0.0,0.0,64.54131912547078
paraguay,2025-12-31,11.555559986280278,62.559277923417056,66.13744422057054,11.4275342803841,11.685689759612574,52.8684903788491,52.8684903788491,52.8684903788491,52.8684903788491,52.8684903788491,52.8684903788491,0.0,0.0,0.0,64.42405036512937
paraguay,2026-12-31,11.873530492050644,62.74814852926163,66.42764732801945,11.613835318648537,12.129933746820354,52.65958436380492,52.65958436380492,52.65958436380492,52.65958436380492,52.65958436380492,52.65958436380492,0.0,0.0,0.0,64.53311485585556
paraguay,2027-12-31,12.19150099782101,63.1010784868394,66.68107518720299,11.769121919273143,12.598020155530268,52.67709125633926,52.67709125633926,52.67709125633926,52.67709125633926,52.67709125633926,52.67709125633926,0.0,0.0,0.0,64.86859225416026
paraguay,2028-12-31,12.51034265566198,63.86448630842684,67.86658041441471,11.905313564507928,13.095095802338934,53.303729644960235,53.303729644960235,53.303729644960235,53.303729644960235,53.303729644960235,53.303729644960235,0.0,0.0,0.0,65.81407230062221
peru,1995-12-31,3.38872656,59.721680323634686,66.21268512935424,3.38872656,3.38872656,59.509845290174106,59.509845290174106,59.509845290174106,59.509845290174106,59.509845290174106,59.509845290174106,0.0,0.0,0.0,62.89857185017411
peru,1996-12-31,3.570702017670871,60.70618700208683,67.49747593130441,3.570702017670871,3.570702017670871,60.54277129122471,60.54277129122471,60.54277129122471,60.54277129122471,60.54277129122471,60.54277129122471,0.0,0.0,0.0,64.11347330889558
peru,1997-12-31,3.7521802737485803,60.83583987833468,67.20610619230027,3.7521802737485803,3.7521802737485803,60.20462938323171,60.20462938323171,60.20462938323171,60.20462938323171,60.20462938323171,60.20462938323171,0.0,0.0,0.0,63.95680965698029
peru,1998-12-31,3.933658528845327,60.653254443029,67.13827738231348,3.933658528845327,3.933658528845327,59.860161250305254,59.860161250305254,59.860161250305254,59.860161250305254,59.860161250305254,59.860161250305254,0.0,0.0,0.0,63.79381977915058
peru,1999-12-31,4.115131422970256,60.30832670078799,66.98226076261842,4.115131422970256,4.115131422970256,59.50984529017314,59.50984529017314,59.50984529017314,59.50984529017314,59.50984529017314,59.50984529017314,0.0,0.0,0.0,63.6249767131434
peru,2000-12-31,4.297101502219129,61.68257780863712,68.18571832834044,4.297101502219129,4.297101502219129,60.542771291223374,60.542771291223374,60.542771291223374,60.542771291223374,60.542771291223374,60.542771291223374,0.0,0.0,0.0,64.83987279344251
peru,2001-12-31,4.478545718523719,61.432677834129876,67.93828900430097,4.478545718523719,4.478545718523719,60.20462938323356,60.20462938323356,60.20462938323356,60.20462938323356,60.20462938323356,60.20462938323356,0.0,0.0,0.0,64.68317510175729
peru,2002-12-31,4.659867352517366,61.14835834970453,67.7695499583846,4.659867352517366,4.659867352517366,59.860161250306874,59.860161250306874,59.860161250306874,59.860161250306874,59.860161250306874,59.860161250306874,0.0,0.0,0.0,64.52002860282424
peru,2003-12-31,4.841188986314553,61.19905870564455,67.72266897557475,4.841188986314553,4.841188986314553,59.50984529017479,59.50984529017479,59.50984529017479,59.50984529017479,59.50984529017479,59.50984529017479,0.0,0.0,0.0,64.35103427648934
peru,2004-12-31,5.02300739079609,62.118124445366206,68.58298825863943,5.02300739079609,5.02300739079609,60.5427712912263,60.5427712912263,60.5427712912263,60.5427712912263,60.5427712912263,60.5427712912263,0.0,0.0,0.0,65.5657786820224
peru,2005-12-31,5.204329023872729,62.105654722856976,68.75821025232344,5.204329023872729,5.204329023872729,60.20462938323231,60.20462938323231,60.20462938323231,60.20462938323231,60.20462938323231,60.20462938323231,0.0,0.0,0.0,65.40895840710503
peru,2006-12-31,5.38565065674726,61.89325054162721,68.47352143972456,5.38565065674726,5.38565065674726,59.86016125030401,59.86016125030401,59.86016125030401,59.86016125030401,59.86016125030401,59.86016125030401,0.0,0.0,0.0,65.24581190705128
peru,2007-12-31,5.566972288956738,61.53131972105244,68.11050612095286,5.566972288956738,5.566972288956738,59.50984529017246,59.50984529017246,59.50984529017246,59.50984529017246,59.50984529017246,59.50984529017246,0.0,0.0,0.0,65.0768175791292
peru,2008-12-31,5.748790692968225,63.18929303313964,69.51179214926789,5.748790692968225,5.748790692968225,60.542771291223836,60.542771291223836,60.542771291223836,60.542771291223836,60.542771291223836,60.542771291223836,0.0,0.0,0.0,66.29156198419206
peru,2009-12-31,5.93011232468982,63.07221562869123,69.29595896272589,5.93011232468982,5.93011232468982,60.204629383230554,60.204629383230554,60.204629383230554,60.204629383230554,60.204629383230554,60.204629383230554,0.0,0.0,0.0,66.13474170792037
peru,2010-12-31,6.111433955483458,62.788238663738504,69.17339940807118,6.111433955483458,6.111433955483458,59.860161250306845,59.860161250306845,59.860161250306845,59.860161250306845,59.860161250306845,59.860161250306845,0.0,0.0,0.0,65.97159520579031
peru,2011-12-31,6.292755586062705,62.58198760863658,69.11947621910875,6.292755586062705,6.292755586062705,59.50984529017546,59.50984529017546,59.50984529017546,59.50984529017546,59.50984529017546,59.50984529017546,0.0,0.0,0.0,65.80260087623817
peru,2012-12-31,6.47457398793934,63.74338949547704,70.24940045348491,6.47457398793934,6.47457398793934,60.542771291224966,60.542771291224966,60.542771291224966,60.542771291224966,60.542771291224966,60.542771291224966,0.0,0.0,0.0,67.0173452791643
peru,2013-12-31,6.655895618222934,63.370195140412065,70.04890133904748,6.655895618222934,6.655895618222934,60.204629383233154,60.204629383233154,60.204629383233154,60.204629383233154,60.204629383233154,60.204629383233154,0.0,0.0,0.0,66.86052500145608
peru,2014-12-31,6.837217248045592,63.38010854368925,70.05022474692669,6.837217248045592,6.837217248045592,59.86016125030646,59.86016125030646,59.86016125030646,59.86016125030646,59.86016125030646,59.86016125030646,0.0,0.0,0.0,66.69737849835205
peru,2015-12-31,7.018531168386434,63.35965096246434,69.72082504196044,7.018531168386434,7.018531168386434,59.50984529017252,59.50984529017252,59.50984529017252,59.50984529017252,59.50984529017252,59.50984529017252,0.0,0.0,0.0,66.52837645855895
peru,2016-12-31,7.2003418381195115,64.43344341947044,70.97290077073285,7.2003418381195115,7.2003418381195115,60.54277129122474,60.54277129122474,60.54277129122474,60.54277129122474,60.54277129122474,60.54277129122474,0.0,0.0,0.0,67.74311312934425
peru,2017-12-31,7.381655757819667,64.55449837801717,71.01371440488397,7.381655757819667,7.381655757819667,60.20462938323175,60.20462938323175,60.20462938323175,60.20462938323175,60.20462938323175,60.20462938323175,0.0,0.0,0.0,67.58628514105142
peru,2018-12-31,7.562969676317233,64.11807704811211,70.82571660235523,7.562969676317233,7.562969676317233,59.86016125030545,59.86016125030545,59.86016125030545,59.86016125030545,59.86016125030545,59.86016125030545,0.0,0.0,0.0,67.42313092662269
peru,2019-12-31,7.7442835948148,64.06732911169048,70.51857500823381,7.7442835948148,7.7442835948148,59.50984529017537,59.50984529017537,59.50984529017537,59.50984529017537,59.50984529017537,59.50984529017537,0.0,0.0,0.0,67.25412888499017
peru,2020-12-31,7.9260942637740035,65.48465740886463,71.81930903153697,7.9260942637740035,7.9260942637740035,60.54277129122207,60.54277129122207,60.54277129122207,60.54277129122207,60.54277129122207,60.54277129122207,0.0,0.0,0.0,68.46886555499607
peru,2021-12-31,8.107408182271568,65.15291863206821,71.55396515888907,8.107408182271568,8.107408182271568,60.204629383232835,60.204629383232835,60.204629383232835,60.204629383232835,60.204629383232835,60.204629383232835,0.0,0.0,0.0,68.3120375655044
peru,2022-12-31,8.288722100769135,64.93619940848072,71.13555940088368,8.288722100769135,8.288722100769135,59.8601612503062,59.8601612503062,59.8601612503062,59.8601612503062,59.8601612503062,59.8601612503062,0.0,0.0,0.0,68.14888335107534
peru,2023-12-31,8.4700360192667,64.63199634697713,71.38204626527491,8.4700360192667,8.4700360192667,59.50984529017368,59.50984529017368,59.50984529017368,59.50984529017368,59.50984529017368,59.50984529017368,0.0,0.0,0.0,67.97988130944037
peru,2024-12-31,8.651846688225904,65.78736555363253,72.40119155818509,8.651841195248066,8.65185166180026,60.54277129122586,60.54277129122586,60.54277129122586,60.54277129122586,60.54277129122586,60.54277129122586,0.0,0.0,0.0,69.19461797945176
peru,2025-12-31,8.833160606723471,65.6545046419832,72.22237246778164,8.833143524553535,8.833176962880557,60.204629383231676,60.204629383231676,60.204629383231676,60.204629383231676,60.204629383231676,60.204629383231676,0.0,0.0,0.0,69.03778998995514
peru,2026-12-31,9.014474525221036,65.60310436377412,72.11566946850833,9.014441961205671,9.014505704805327,59.86016125030636,59.86016125030636,59.86016125030636,59.86016125030636,59.86016125030636,59.86016125030636,0.0,0.0,0.0,68.8746357755274
peru,2027-12-31,9.195788443718602,65.44325970660577,72.18701536562678,9.195734079511832,9.195838290579724,59.5098452901759,59.5098452901759,59.5098452901759,59.5098452901759,59.5098452901759,59.5098452901759,0.0,0.0,0.0,68.7056337338945
peru,2028-12-31,9.377599112677807,66.75050950014042,72.94702870191978,9.37752041654052,9.377668808273299,60.542771291225456,60.542771291225456,60.542771291225456,60.542771291225456,60.542771291225456,60.542771291225456,0.0,0.0,0.0,69.92037040390326
suriname,1996-12-31,20.7250936,35.197217578624375,39.19942344057894,20.7250936,20.7250936,16.383679172925852,16.383679172925852,16.383679172925852,16.383679172925852,16.383679172925852,16.383679172925852,0.0,0.0,0.0,37.10877277292585
suriname,1997-12-31,22.31838287938343,36.29519836287292,40.19218690398748,22.31838287938343,22.31838287938343,15.93822018525911,15.93822018525911,15.93822018525911,15.93822018525911,15.93822018525911,15.93822018525911,0.0,0.0,0.0,38.25660306464254
suriname,1998-12-31,23.911672159864956,37.89984212179315,41.833710451084784,23.911672159864956,23.911672159864956,15.892028601675507,15.892028601675507,15.892028601675507,15.892028601675507,15.892028601675507,15.892028601675507,0.0,0.0,0.0,39.80370076154046
suriname,1999-12-31,25.50496143913376,39.833362313593675,43.64850094599255,25.50496143913376,25.50496143913376,16.244724358372885,16.244724358372885,16.244724358372885,16.244724358372885,16.244724358372885,16.244724358372885,0.0,0.0,0.0,41.74968579750664
suriname,2000-12-31,27.10261589284216,41.554636365682605,45.57708853616384,27.10261589284216,27.10261589284216,16.3836791729235,16.3836791729235,16.3836791729235,16.3836791729235,16.3836791729235,16.3836791729235,0.0,0.0,0.0,43.48629506576566
suriname,2001-12-31,28.695905164480486,42.730823882219376,46.676648124570875,28.695905164480486,28.695905164480486,15.938220185259159,15.938220185259159,15.938220185259159,15.938220185259159,15.938220185259159,15.938220185259159,0.0,0.0,0.0,44.63412534973965
suriname,2002-12-31,30.28919443515657,44.100477580350905,48.120412884225836,30.28919443515657,30.28919443515657,15.892028601675362,15.892028601675362,15.892028601675362,15.892028601675362,15.892028601675362,15.892028601675362,0.0,0.0,0.0,46.18122303683193
suriname,2003-12-31,31.882416014655686,46.06094185765816,50.046851150119686,31.882416014655686,31.882416014655686,16.244724358370977,16.244724358370977,16.244724358370977,16.244724358370977,16.244724358370977,16.244724358370977,0.0,0.0,0.0,48.12714037302666
suriname,2004-12-31,33.47960056777431,47.839927812575766,51.87259464731131,33.47960056777431,33.47960056777431,16.38367917292744,16.38367917292744,16.38367917292744,16.38367917292744,16.38367917292744,16.38367917292744,0.0,0.0,0.0,49.863279740701756
suriname,2005-12-31,35.072403737030186,48.9690030602871,53.02542383307132,35.072403737030186,35.072403737030186,15.938220185258913,15.938220185258913,15.938220185258913,15.938220185258913,15.938220185258913,15.938220185258913,0.0,0.0,0.0,51.0106239222891
suriname,2006-12-31,36.66497892496525,50.573581915143855,54.47773509100243,36.66497892496525,36.66497892496525,15.892028601679375,15.892028601679375,15.892028601679375,15.892028601679375,15.892028601679375,15.892028601679375,0.0,0.0,0.0,52.557007526644625
suriname,2007-12-31,38.256199014673925,52.3751369265125,56.3607215825428,38.256199014673925,38.256199014673925,16.24472435837949,16.24472435837949,16.24472435837949,16.24472435837949,16.24472435837949,16.24472435837949,0.0,0.0,0.0,54.50092337305341
suriname,2008-12-31,38.16410557448347,52.45613650606712,56.465381619073696,38.16410557448347,38.16410557448347,16.383679172923795,16.383679172923795,16.383679172923795,16.383679172923795,16.383679172923795,16.383679172923795,0.0,0.0,0.0,54.54778474740726
suriname,2009-12-31,37.738728162265346,51.61800464806529,55.71748565375276,37.738728162265346,37.738728162265346,15.93822018525879,15.93822018525879,15.93822018525879,15.93822018525879,15.93822018525879,15.93822018525879,0.0,0.0,0.0,53.67694834752414
suriname,2010-12-31,37.31325684845234,51.27993846679542,55.11475931575922,37.31325684845234,37.31325684845234,15.892028601673722,15.892028601673722,15.892028601673722,15.892028601673722,15.892028601673722,15.892028601673722,0.0,0.0,0.0,53.20528545012606
suriname,2011-12-31,36.88719499157479,51.15024779464406,55.01615336473421,36.88719499157479,36.88719499157479,16.244724358370412,16.244724358370412,16.244724358370412,16.244724358370412,16.244724358370412,16.244724358370412,0.0,0.0,0.0,53.1319193499452
suriname,2012-12-31,36.459129513956,50.65933215340438,54.907054412251746,36.459129513956,36.459129513956,16.383679172927245,16.383679172927245,16.383679172927245,16.383679172927245,16.383679172927245,16.383679172927245,0.0,0.0,0.0,52.842808686883245
suriname,2013-12-31,36.03142785906303,50.068123978871725,53.890191008313835,36.03142785906303,36.03142785906303,15.938220185259404,15.938220185259404,15.938220185259404,15.938220185259404,15.938220185259404,15.938220185259404,0.0,0.0,0.0,51.96964804432243
suriname,2014-12-31,35.60332593004964,49.53039577879117,53.44490174622051,35.60332593004964,35.60332593004964,15.892028601674529,15.892028601674529,15.892028601674529,15.892028601674529,15.892028601674529,15.892028601674529,0.0,0.0,0.0,51.495354531724175
suriname,2015-12-31,35.17449215332045,49.40081900045769,53.52518213076915,35.17449215332045,35.17449215332045,16.244724358376335,16.244724358376335,16.244724358376335,16.244724358376335,16.244724358376335,16.244724358376335,0.0,0.0,0.0,51.41921651169679
suriname,2016-12-31,34.74376674594907,48.94075113086252,53.09237557579522,34.74376674594907,34.74376674594907,16.383679172925117,16.383679172925117,16.383679172925117,16.383679172925117,16.383679172925117,16.383679172925117,0.0,0.0,0.0,51.12744591887419
suriname,2017-12-31,34.31347563702527,48.262987538913634,52.144393549599755,34.31347563702527,34.31347563702527,15.938220185258938,15.938220185258938,15.938220185258938,15.938220185258938,15.938220185258938,15.938220185258938,0.0,0.0,0.0,50.251695822284205
suriname,2018-12-31,33.88318452660876,47.7208884634906,51.824810115420966,33.88318452660876,33.88318452660876,15.89202860167546,15.89202860167546,15.89202860167546,15.89202860167546,15.89202860167546,15.89202860167546,0.0,0.0,0.0,49.77521312828422
suriname,2019-12-31,33.45289341619224,47.654011762972715,51.71171061426592,33.45289341619224,33.45289341619224,16.24472435837012,16.24472435837012,16.24472435837012,16.24472435837012,16.24472435837012,16.24472435837012,0.0,0.0,0.0,49.69761777456236
suriname,2020-12-31,33.02142342602116,47.47117995079972,51.40293274184861,33.02142342602116,33.02142342602116,16.383679172920687,16.383679172920687,16.383679172920687,16.383679172920687,16.383679172920687,16.383679172920687,0.0,0.0,0.0,49.405102598941845
suriname,2021-12-31,32.59113231560464,46.564878960544945,50.56102569501512,32.59113231560464,32.59113231560464,15.938220185258523,15.938220185258523,15.938220185258523,15.938220185258523,15.938220185258523,15.938220185258523,0.0,0.0,0.0,48.52935250086316
suriname,2022-12-31,32.16084120518812,46.127385312102696,50.05295056040829,32.16084120518812,32.16084120518812,15.892028601676586,15.892028601676586,15.892028601676586,15.892028601676586,15.892028601676586,15.892028601676586,0.0,0.0,0.0,48.052869806864706
suriname,2023-12-31,31.730550094771612,46.13731435308495,49.99172431115674,31.730550094771612,31.730550094771612,16.244724358376896,16.244724358376896,16.244724358376896,16.244724358376896,16.244724358376896,16.244724358376896,0.0,0.0,0.0,47.97527445314851
suriname,2024-12-31,31.29908010460053,45.65024820825044,49.72942729919468,31.23554140265624,31.352316462919063,16.383679172927124,16.383679172927124,16.383679172927124,16.383679172927124,16.383679172927124,16.383679172927124,0.0,0.0,0.0,47.68275927752765
suriname,2025-12-31,30.868788994184012,44.84216771844217,48.7579395982615,30.658090993669386,31.072260123888068,15.938220185258645,15.938220185258645,15.938220185258645,15.938220185258645,15.938220185258645,15.938220185258645,0.0,0.0,0.0,46.80700917944266
suriname,2026-12-31,30.438497883767496,44.39533682609126,48.36172639404267,30.037934278743545,30.86434208522177,15.892028601673355,15.892028601673355,15.892028601673355,15.892028601673355,15.892028601673355,15.892028601673355,0.0,0.0,0.0,46.33052648544085
suriname,2027-12-31,30.008206773350985,44.18454162501989,48.266655144726464,29.405568837184177,30.70412558728306,16.244724358367257,16.244724358367257,16.244724358367257,16.244724358367257,16.244724358367257,16.244724358367257,0.0,0.0,0.0,46.25293113171824
suriname,2028-12-31,29.576736783179904,43.776386085834936,48.173746176647015,28.750046669375163,30.58113252477375,16.38367917292671,16.38367917292671,16.38367917292671,16.38367917292671,16.38367917292671,16.38367917292671,0.0,0.0,0.0,45.960415956106615
uruguay,1995-12-31,-17.4104406,63.4478770590965,66.59655903028994,-17.4104406,-17.4104406,82.44408993406098,82.44408993406098,82.44408993406098,82.44408993406098,82.44408993406098,82.44408993406098,0.0,0.0,0.0,65.03364933406098
uruguay,1996-12-31,-16.808327461601642,63.83200429053765,67.01142469563675,-16.808327461601642,-16.808327461601642,82.19404254802413,82.19404254802413,82.19404254802413,82.19404254802413,82.19404254802413,82.19404254802413,0.0,0.0,0.0,65.3857150864225
uruguay,1997-12-31,-16.207859441742805,64.81787964226339,68.09150559088265,-16.207859441742805,-16.207859441742805,82.72938938983037,82.72938938983037,82.72938938983037,82.72938938983037,82.72938938983037,82.72938938983037,0.0,0.0,0.0,66.52152994808756
uruguay,1998-12-31,-15.607504315836838,65.60238943078879,68.8188847151058,-15.607504315836838,-15.607504315836838,82.81264878774653,82.81264878774653,82.81264878774653,82.81264878774653,82.81264878774653,82.81264878774653,0.0,0.0,0.0,67.20514447190969
uruguay,1999-12-31,-15.009058907954829,65.7694329125347,69.05420882022811,-15.009058907954829,-15.009058907954829,82.44408993406189,82.44408993406189,82.44408993406189,82.44408993406189,82.44408993406189,82.44408993406189,0.0,0.0,0.0,67.43503102610707
uruguay,2000-12-31,-14.41273496741985,66.1774206820672,69.45536762292748,-14.41273496741985,-14.41273496741985,82.19404254802696,82.19404254802696,82.19404254802696,82.19404254802696,82.19404254802696,82.19404254802696,0.0,0.0,0.0,67.7813075806071
uruguay,2001-12-31,-14.342444321450914,66.74309114203295,70.00553167095356,-14.342444321450914,-14.342444321450914,82.7293893898298,82.7293893898298,82.7293893898298,82.7293893898298,82.7293893898298,82.7293893898298,0.0,0.0,0.0,68.38694506837889
uruguay,2002-12-31,-14.274175623586014,66.968718647609,70.09675920117664,-14.274175623586014,-14.274175623586014,82.81264878774675,82.81264878774675,82.81264878774675,82.81264878774675,82.81264878774675,82.81264878774675,0.0,0.0,0.0,68.53847316416073
uruguay,2003-12-31,-14.206201002948362,66.60364083324617,69.86553731318973,-14.206201002948362,-14.206201002948362,82.44408993406402,82.44408993406402,82.44408993406402,82.44408993406402,82.44408993406402,82.44408993406402,0.0,0.0,0.0,68.23788893111566
uruguay,2004-12-31,-14.138040151434637,66.49148721460926,69.6659394589157,-14.138040151434637,-14.138040151434637,82.19404254802177,82.19404254802177,82.19404254802177,82.19404254802177,82.19404254802177,82.19404254802177,0.0,0.0,0.0,68.05600239658713
uruguay,2005-12-31,-14.070065531386572,67.0781386275976,70.20310748613944,-14.070065531386572,-14.070065531386572,82.72938938983033,82.72938938983033,82.72938938983033,82.72938938983033,82.72938938983033,82.72938938983033,0.0,0.0,0.0,68.65932385844376
uruguay,2006-12-31,-14.002090911850361,67.16488689929884,70.44282136969433,-14.002090911850361,-14.002090911850361,82.81264878774314,82.81264878774314,82.81264878774314,82.81264878774314,82.81264878774314,82.81264878774314,0.0,0.0,0.0,68.81055787589278
uruguay,2007-12-31,-13.934116291217837,66.96632075592956,70.15735699995263,-13.934116291217837,-13.934116291217837,82.4440899340558,82.4440899340558,82.4440899340558,82.4440899340558,82.4440899340558,82.4440899340558,0.0,0.0,0.0,68.50997364283796
uruguay,2008-12-31,-13.86595543938106,66.79914408942534,69.98839178656489,-13.86595543938106,-13.86595543938106,82.19404254802639,82.19404254802639,82.19404254802639,82.19404254802639,82.19404254802639,82.19404254802639,0.0,0.0,0.0,68.32808710864533
uruguay,2009-12-31,-13.797980819733397,67.24687682395094,70.56561547413855,-13.797980819733397,-13.797980819733397,82.72938938983093,82.72938938983093,82.72938938983093,82.72938938983093,82.72938938983093,82.72938938983093,0.0,0.0,0.0,68.93140857009753
uruguay,2010-12-31,-13.730006199793271,67.43835518051306,70.67581862548677,-13.730006199793271,-13.730006199793271,82.81264878774822,82.81264878774822,82.81264878774822,82.81264878774822,82.81264878774822,82.81264878774822,0.0,0.0,0.0,69.08264258795495
uruguay,2011-12-31,-13.662031580948792,67.28223717893822,70.50617019432012,-13.662031580948792,-13.662031580948792,82.44408993406472,82.44408993406472,82.44408993406472,82.44408993406472,82.44408993406472,82.44408993406472,0.0,0.0,0.0,68.78205835311593
uruguay,2012-12-31,-13.593870774077201,66.93227227041774,70.22249714209343,-13.593870774077201,-13.593870774077201,82.19404254802262,82.19404254802262,82.19404254802262,82.19404254802262,82.19404254802262,82.19404254802262,0.0,0.0,0.0,68.60017177394542
uruguay,2013-12-31,-13.525896199346764,67.49005588145675,70.86293538213718,-13.525896199346764,-13.525896199346764,82.72938938982968,82.72938938982968,82.72938938982968,82.72938938982968,82.72938938982968,82.72938938982968,0.0,0.0,0.0,69.20349319048292
uruguay,2014-12-31,-13.457921659885104,67.73762048320918,70.96789911946442,-13.457921659885104,-13.457921659885104,82.81264878774743,82.81264878774743,82.81264878774743,82.81264878774743,82.81264878774743,82.81264878774743,0.0,0.0,0.0,69.35472712786233
uruguay,2015-12-31,-13.389947121217244,67.39676715711319,70.74327842110036,-13.389947121217244,-13.389947121217244,82.44408993405862,82.44408993405862,82.44408993405862,82.44408993405862,82.44408993405862,82.44408993405862,0.0,0.0,0.0,69.05414281284138
uruguay,2016-12-31,-13.32178635211388,67.26569428123787,70.47443668310378,-13.32178635211388,-13.32178635211388,82.19404254802478,82.19404254802478,82.19404254802478,82.19404254802478,82.19404254802478,82.19404254802478,0.0,0.0,0.0,68.87225619591091
uruguay,2017-12-31,-13.253811814405905,67.82644639905615,71.04677193197092,-13.253811814405905,-13.253811814405905,82.72938938983049,82.72938938983049,82.72938938983049,82.72938938983049,82.72938938983049,82.72938938983049,0.0,0.0,0.0,69.47557757542458
uruguay,2018-12-31,-13.18583727681243,68.15059888488507,71.26033205055911,-13.18583727681243,-13.18583727681243,82.81264878774662,82.81264878774662,82.81264878774662,82.81264878774662,82.81264878774662,82.81264878774662,0.0,0.0,0.0,69.62681151093419
uruguay,2019-12-31,-13.117862739218959,67.80172502066362,70.85924934294009,-13.117862739218959,-13.117862739218959,82.44408993406493,82.44408993406493,82.44408993406493,82.44408993406493,82.44408993406493,82.44408993406493,0.0,0.0,0.0,69.32622719484597
uruguay,2020-12-31,-13.04970197001564,67.53454478289832,70.75796846194925,-13.04970197001564,-13.04970197001564,82.19404254803013,82.19404254803013,82.19404254803013,82.19404254803013,82.19404254803013,82.19404254803013,0.0,0.0,0.0,69.14434057801449
uruguay,2021-12-31,-12.981727432422165,68.22703139634375,71.41324387747221,-12.981727432422165,-12.981727432422165,82.72938938983053,82.72938938983053,82.72938938983053,82.72938938983053,82.72938938983053,82.72938938983053,0.0,0.0,0.0,69.74766195740837
uruguay,2022-12-31,-12.913752894828693,68.33991512716574,71.45380980030956,-12.913752894828693,-12.913752894828693,82.81264878774562,82.81264878774562,82.81264878774562,82.81264878774562,82.81264878774562,82.81264878774562,0.0,0.0,0.0,69.89889589291693
uruguay,2023-12-31,-12.845778357235218,67.88654425406529,71.17270198309335,-12.845778357235218,-12.845778357235218,82.44408993405847,82.44408993405847,82.44408993405847,82.44408993405847,82.44408993405847,82.44408993405847,0.0,0.0,0.0,69.59831157682325
uruguay,2024-12-31,-12.7776175880319,67.83397772606834,71.10672881367616,-12.792548071548758,-12.758045259086568,82.1940425480224,82.1940425480224,82.1940425480224,82.1940425480224,82.1940425480224,82.1940425480224,0.0,0.0,0.0,69.4164249599905
uruguay,2025-12-31,-12.709643050438427,68.3147780558266,71.61491442518978,-12.758798670686726,-12.648718877070184,82.72938938983077,82.72938938983077,82.72938938983077,82.72938938983077,82.72938938983077,82.72938938983077,0.0,0.0,0.0,70.01974633939234
uruguay,2026-12-31,-12.641668512844953,68.68973800366744,71.99020291396725,-12.736858329471358,-12.530189215401402,82.81264878774842,82.81264878774842,82.81264878774842,82.81264878774842,82.81264878774842,82.81264878774842,0.0,0.0,0.0,70.17098027490346
uruguay,2027-12-31,-12.57369397525148,68.32982169075723,71.45949680289921,-12.722266370225478,-12.402833325883048,82.44408993406759,82.44408993406759,82.44408993406759,82.44408993406759,82.44408993406759,82.44408993406759,0.0,0.0,0.0,69.87039595881612
uruguay,2028-12-31,-12.505533206048161,68.0874566690829,71.4092058751031,-12.71582881093848,-12.26419596355607,82.19404254802303,82.19404254802303,82.19404254802303,82.19404254802303,82.19404254802303,82.19404254802303,0.0,0.0,0.0,69.68850934197488
