country,year,score,property_right,government_integrity,judicial_effectiveness,tax_burden,government_spending,fiscal_health,business_freedom,labor_freedom,monetary_freedom,trade_freedom,investment_freedom,financial_freedom,africa,asia,europe,north_america,oceania,south_america
Argentina,2023,50.1,35.1,45.1,57.9,73.3,53.0,16.8,55.1,51.0,37.9,60.6,55.0,60.0,0,0,0,0,0,1
Barbados,2023,71.3,72.6,68.7,88.2,80.6,70.8,79.7,64.7,63.4,78.6,58.4,70.0,60.0,0,0,0,1,0,0
Belize,2023,56.6,34.7,38.1,70.2,77.0,64.1,37.6,54.0,59.9,82.5,55.6,55.0,50.0,0,0,0,1,0,0
Bolivia,2023,43.0,14.1,28.7,28.4,86.0,58.8,10.9,54.7,46.2,72.8,60.8,15.0,40.0,0,0,0,0,0,1
Brazil,2023,53.3,50.3,40.0,57.2,69.9,53.8,0.4,63.2,55.9,78.4,60.0,60.0,50.0,0,0,0,0,0,1
Canada,2023,76.6,89.5,86.7,96.4,75.7,39.6,62.8,78.8,68.7,78.2,83.2,80.0,80.0,0,0,0,1,0,0
Chile,2023,74.4,73.0,71.4,91.4,72.4,78.1,75.3,76.2,58.0,79.4,78.0,70.0,70.0,0,0,0,0,0,1
Colombia,2023,65.1,50.9,42.0,59.1,71.3,66.0,56.7,68.8,60.7,79.3,76.4,80.0,70.0,0,0,0,0,0,1
Costa Rica,2023,65.4,66.4,63.1,78.4,79.2,86.6,10.9,66.0,56.6,83.1,74.6,70.0,50.0,0,0,0,1,0,0
Cuba,2023,29.5,31.5,39.9,15.6,48.4,0.0,11.4,41.1,20.0,61.8,64.0,10.0,10.0,0,0,0,1,0,0
Dominica,2023,54.4,68.1,56.2,81.6,71.6,8.5,1.1,55.8,59.0,84.9,55.6,70.0,40.0,0,0,0,1,0,0
Dominican Republic,2023,63.0,54.0,30.8,55.9,84.6,89.9,66.8,68.1,52.9,73.5,69.0,70.0,40.0,0,0,0,1,0,0
Ecuador,2023,54.3,31.4,37.2,47.3,77.5,59.7,63.1,60.3,57.3,81.5,61.0,35.0,40.0,0,0,0,0,0,1
El Salvador,2023,59.6,43.2,36.1,46.8,77.7,74.7,50.3,65.0,54.6,76.8,69.4,60.0,60.0,0,0,0,1,0,0
Guatemala,2023,63.2,39.8,26.5,36.9,91.5,94.0,83.3,62.1,50.3,79.3,75.0,70.0,50.0,0,0,0,1,0,0
Guyana,2023,59.5,46.9,41.5,47.4,67.5,74.8,67.4,63.1,67.3,83.3,69.4,55.0,30.0,0,0,0,0,0,1
Haiti,2023,50.0,24.1,14.3,18.6,81.5,97.0,94.8,33.5,54.7,56.2,65.4,30.0,30.0,0,0,0,1,0,0
Honduras,2023,59.5,40.3,25.4,29.0,82.7,78.7,92.1,56.9,39.1,72.7,71.6,65.0,60.0,0,0,0,1,0,0
Jamaica,2023,67.4,65.0,49.0,70.6,76.6,71.6,79.4,56.5,64.7,76.2,69.2,80.0,50.0,0,0,0,1,0,0
Mexico,2023,63.7,47.7,32.0,40.7,76.0,78.3,78.0,69.2,58.4,73.0,76.6,75.0,60.0,0,0,0,1,0,0
Nicaragua,2023,54.8,30.1,19.0,19.5,75.3,76.2,87.3,53.8,46.9,72.0,67.8,60.0,50.0,0,0,0,1,0,0
Panama,2023,65.4,58.8,38.0,50.7,85.5,81.9,40.7,67.1,61.5,78.1,77.2,75.0,70.0,0,0,0,1,0,0
Paraguay,2023,62.9,45.5,29.5,37.9,96.1,84.0,68.8,65.4,39.4,75.6,77.0,75.0,60.0,0,0,0,0,0,1
Peru,2023,66.5,49.7,39.7,49.7,79.5,84.2,73.1,65.3,59.6,81.4,81.4,75.0,60.0,0,0,0,0,0,1
Saint Lucia,2023,64.3,66.8,58.1,76.9,77.5,78.7,50.1,61.5,58.2,82.2,56.6,65.0,40.0,0,0,0,1,0,0
Saint Vincent and the Grenadines,2023,65.7,64.0,62.0,76.9,75.5,66.9,68.5,61.4,58.8,84.2,59.8,70.0,40.0,0,0,0,1,0,0
Suriname,2023,48.1,51.2,37.6,45.8,70.2,66.6,0.0,52.7,64.2,58.4,60.6,40.0,30.0,0,0,0,0,0,1
Bahamas,2023,68.7,61.1,64.3,78.8,96.5,85.8,67.3,63.3,69.3,79.2,49.0,50.0,60.0,0,0,0,1,0,0
Trinidad and Tobago,2023,58.8,58.8,44.2,59.3,79.1,69.0,12.9,60.9,57.4,84.6,68.8,60.0,50.0,0,0,0,1,0,0
United States,2023,72.1,95.7,75.7,77.9,75.9,54.5,0.0,87.5,75.8,82.3,75.2,85.0,80.0,0,0,0,1,0,0
Uruguay,2023,70.0,84.0,75.2,80.4,72.4,70.2,75.2,75.7,60.3,70.9,70.4,75.0,30.0,0,0,0,0,0,1
Venezuela,2023,24.8,0.2,7.1,4.6,74.1,78.3,0.0,30.8,37.6,0.0,54.8,0.0,10.0,0,0,0,0,0,1
Argentina,2022,50.1,35.1,45.1,57.9,73.3,53.0,16.8,55.1,51.0,37.9,60.6,55.0,60.0,0,0,0,0,0,1
Barbados,2022,71.3,72.6,68.7,88.2,80.6,70.8,79.7,64.7,63.4,78.6,58.4,70.0,60.0,0,0,0,1,0,0
Belize,2022,56.6,34.7,38.1,70.2,77.0,64.1,37.6,54.0,59.9,82.5,55.6,55.0,50.0,0,0,0,1,0,0
Bolivia,2022,43.0,14.1,28.7,28.4,86.0,58.8,10.9,54.7,46.2,72.8,60.8,15.0,40.0,0,0,0,0,0,1
Brazil,2022,53.3,50.3,40.0,57.2,69.9,53.8,0.4,63.2,55.9,78.4,60.0,60.0,50.0,0,0,0,0,0,1
Canada,2022,76.6,89.5,86.7,96.4,75.7,39.6,62.8,78.8,68.7,78.2,83.2,80.0,80.0,0,0,0,1,0,0
Chile,2022,74.4,73.0,71.4,91.4,72.4,78.1,75.3,76.2,58.0,79.4,78.0,70.0,70.0,0,0,0,0,0,1
Colombia,2022,65.1,50.9,42.0,59.1,71.3,66.0,56.7,68.8,60.7,79.3,76.4,80.0,70.0,0,0,0,0,0,1
Costa Rica,2022,65.4,66.4,63.1,78.4,79.2,86.6,10.9,66.0,56.6,83.1,74.6,70.0,50.0,0,0,0,1,0,0
Cuba,2022,29.5,31.5,39.9,15.6,48.4,0.0,11.4,41.1,20.0,61.8,64.0,10.0,10.0,0,0,0,1,0,0
Dominica,2022,54.4,68.1,56.2,81.6,71.6,8.5,1.1,55.8,59.0,84.9,55.6,70.0,40.0,0,0,0,1,0,0
Dominican Republic,2022,63.0,54.0,30.8,55.9,84.6,89.9,66.8,68.1,52.9,73.5,69.0,70.0,40.0,0,0,0,1,0,0
Ecuador,2022,54.3,31.4,37.2,47.3,77.5,59.7,63.1,60.3,57.3,81.5,61.0,35.0,40.0,0,0,0,0,0,1
El Salvador,2022,59.6,43.2,36.1,46.8,77.7,74.7,50.3,65.0,54.6,76.8,69.4,60.0,60.0,0,0,0,1,0,0
Guatemala,2022,63.2,39.8,26.5,36.9,91.5,94.0,83.3,62.1,50.3,79.3,75.0,70.0,50.0,0,0,0,1,0,0
Guyana,2022,59.5,46.9,41.5,47.4,67.5,74.8,67.4,63.1,67.3,83.3,69.4,55.0,30.0,0,0,0,0,0,1
Haiti,2022,50.0,24.1,14.3,18.6,81.5,97.0,94.8,33.5,54.7,56.2,65.4,30.0,30.0,0,0,0,1,0,0
Honduras,2022,59.5,40.3,25.4,29.0,82.7,78.7,92.1,56.9,39.1,72.7,71.6,65.0,60.0,0,0,0,1,0,0
Jamaica,2022,67.4,65.0,49.0,70.6,76.6,71.6,79.4,56.5,64.7,76.2,69.2,80.0,50.0,0,0,0,1,0,0
Mexico,2022,63.7,47.7,32.0,40.7,76.0,78.3,78.0,69.2,58.4,73.0,76.6,75.0,60.0,0,0,0,1,0,0
Nicaragua,2022,54.8,30.1,19.0,19.5,75.3,76.2,87.3,53.8,46.9,72.0,67.8,60.0,50.0,0,0,0,1,0,0
Panama,2022,65.4,58.8,38.0,50.7,85.5,81.9,40.7,67.1,61.5,78.1,77.2,75.0,70.0,0,0,0,1,0,0
Paraguay,2022,62.9,45.5,29.5,37.9,96.1,84.0,68.8,65.4,39.4,75.6,77.0,75.0,60.0,0,0,0,0,0,1
Peru,2022,66.5,49.7,39.7,49.7,79.5,84.2,73.1,65.3,59.6,81.4,81.4,75.0,60.0,0,0,0,0,0,1
Saint Lucia,2022,64.3,66.8,58.1,76.9,77.5,78.7,50.1,61.5,58.2,82.2,56.6,65.0,40.0,0,0,0,1,0,0
Saint Vincent and the Grenadines,2022,65.7,64.0,62.0,76.9,75.5,66.9,68.5,61.4,58.8,84.2,59.8,70.0,40.0,0,0,0,1,0,0
Suriname,2022,48.1,51.2,37.6,45.8,70.2,66.6,0.0,52.7,64.2,58.4,60.6,40.0,30.0,0,0,0,0,0,1
Bahamas,2022,68.7,61.1,64.3,78.8,96.5,85.8,67.3,63.3,69.3,79.2,49.0,50.0,60.0,0,0,0,1,0,0
Trinidad and Tobago,2022,58.8,58.8,44.2,59.3,79.1,69.0,12.9,60.9,57.4,84.6,68.8,60.0,50.0,0,0,0,1,0,0
United States,2022,72.1,95.7,75.7,77.9,75.9,54.5,0.0,87.5,75.8,82.3,75.2,85.0,80.0,0,0,0,1,0,0
Uruguay,2022,70.0,84.0,75.2,80.4,72.4,70.2,75.2,75.7,60.3,70.9,70.4,75.0,30.0,0,0,0,0,0,1
Venezuela,2022,24.8,0.2,7.1,4.6,74.1,78.3,0.0,30.8,37.6,0.0,54.8,0.0,10.0,0,0,0,0,0,1
Argentina,2021,52.7,46.1,54.0,45.7,70.4,52.8,38.4,59.5,46.3,41.9,62.6,55.0,60.0,0,0,0,0,0,1
Barbados,2021,65.0,52.7,50.2,49.7,79.3,73.1,79.8,69.7,60.1,77.3,58.4,70.0,60.0,0,0,0,1,0,0
Belize,2021,57.5,41.8,36.3,45.7,78.7,64.7,68.5,60.0,54.2,80.2,55.0,55.0,50.0,0,0,0,1,0,0
Bolivia,2021,42.7,18.7,25.9,11.0,85.3,58.4,13.4,58.4,53.4,71.0,61.6,15.0,40.0,0,0,0,0,0,1
Brazil,2021,53.4,55.0,47.5,45.5,70.1,56.5,5.3,58.0,50.7,77.8,64.6,60.0,50.0,0,0,0,0,0,1
Canada,2021,77.9,84.5,87.9,73.3,76.0,49.8,84.2,81.4,72.4,76.1,88.8,80.0,80.0,0,0,0,1,0,0
Chile,2021,75.2,70.2,74.5,68.4,72.3,80.4,90.4,75.1,62.5,85.5,83.0,70.0,70.0,0,0,0,0,0,1
Colombia,2021,68.1,59.8,49.7,36.4,69.7,69.3,78.9,71.0,77.7,78.1,77.0,80.0,70.0,0,0,0,0,0,1
Costa Rica,2021,64.2,64.0,59.0,58.1,79.9,87.7,24.3,66.2,55.5,80.9,75.0,70.0,50.0,0,0,0,1,0,0
Cuba,2021,28.1,27.7,48.7,10.0,47.1,0.0,14.6,20.0,20.0,64.6,64.2,10.0,10.0,0,0,0,1,0,0
Dominica,2021,53.0,51.2,51.0,66.3,70.0,7.4,6.1,68.4,67.0,82.4,55.6,70.0,40.0,0,0,0,1,0,0
Dominican Republic,2021,62.1,51.2,34.6,28.8,84.6,91.7,84.4,56.4,58.7,75.3,69.4,70.0,40.0,0,0,0,1,0,0
Ecuador,2021,52.4,39.5,38.5,24.7,77.1,58.5,75.9,50.4,47.9,81.7,59.8,35.0,40.0,0,0,0,0,0,1
El Salvador,2021,61.0,39.9,34.2,33.5,77.9,81.0,79.6,52.4,52.2,81.0,70.8,70.0,60.0,0,0,0,1,0,0
Guatemala,2021,64.0,43.2,30.1,32.6,91.8,94.8,92.1,61.5,48.5,77.7,75.6,70.0,50.0,0,0,0,1,0,0
Guyana,2021,57.4,44.9,38.5,40.4,64.6,77.3,69.8,58.2,62.1,81.3,66.8,55.0,30.0,0,0,0,0,0,1
Haiti,2021,50.8,12.6,22.0,15.1,80.2,91.3,92.9,33.0,62.1,59.7,65.4,45.0,30.0,0,0,0,1,0,0
Honduras,2021,59.8,45.5,29.1,36.0,82.2,79.3,96.7,48.7,32.0,71.8,71.8,65.0,60.0,0,0,0,1,0,0
Jamaica,2021,69.0,60.6,47.7,55.1,79.7,74.4,83.1,77.6,73.4,77.5,69.2,80.0,50.0,0,0,0,1,0,0
Mexico,2021,65.5,53.4,39.8,35.9,76.1,79.8,88.7,65.6,58.2,72.1,81.6,75.0,60.0,0,0,0,1,0,0
Nicaragua,2021,56.3,27.8,24.8,19.0,77.1,77.5,91.8,53.1,55.0,70.7,68.4,60.0,50.0,0,0,0,1,0,0
Panama,2021,66.2,54.5,39.4,28.1,85.2,85.2,82.8,72.9,43.7,80.5,77.2,75.0,70.0,0,0,0,1,0,0
Paraguay,2021,62.6,41.6,32.2,26.0,96.2,86.7,91.6,59.6,31.8,73.8,76.4,75.0,60.0,0,0,0,0,0,1
Peru,2021,67.7,53.3,36.3,28.2,79.4,86.4,91.5,66.2,63.2,86.1,86.4,75.0,60.0,0,0,0,0,0,1
Saint Lucia,2021,67.5,61.5,44.6,66.3,76.9,83.2,86.2,75.7,66.5,83.5,60.6,65.0,40.0,0,0,0,1,0,0
Saint Vincent and the Grenadines,2021,66.3,48.1,48.7,66.3,74.9,71.6,87.6,74.2,74.0,82.6,57.8,70.0,40.0,0,0,0,1,0,0
Suriname,2021,46.4,45.5,38.5,15.4,70.0,68.2,7.8,45.8,61.9,73.7,60.2,40.0,30.0,0,0,0,0,0,1
Bahamas,2021,64.6,48.1,47.5,45.7,97.1,87.6,72.7,70.4,70.0,77.0,49.0,50.0,60.0,0,0,0,1,0,0
Trinidad and Tobago,2021,59.0,52.4,36.4,46.9,79.5,70.9,15.8,66.5,76.8,83.4,68.8,60.0,50.0,0,0,0,1,0,0
United States,2021,74.8,79.7,76.8,72.4,76.0,62.2,34.9,82.5,87.1,81.1,80.4,85.0,80.0,0,0,0,1,0,0
Uruguay,2021,69.3,68.1,75.7,66.8,72.6,66.9,80.5,72.3,70.5,72.5,70.8,85.0,30.0,0,0,0,0,0,1
Venezuela,2021,24.7,7.5,15.1,15.4,71.1,61.5,0.0,33.4,27.5,0.0,54.8,0.0,10.0,0,0,0,0,0,1
Argentina,2020,53.1,50.5,49.7,47.0,69.6,50.7,24.7,60.2,46.5,53.7,69.2,55.0,60.0,0,0,0,0,0,1
Barbados,2020,61.4,56.6,44.0,36.1,73.6,69.2,63.1,69.4,60.0,77.9,56.6,70.0,60.0,0,0,0,1,0,0
Belize,2020,57.4,44.4,33.5,46.4,79.5,66.3,53.9,60.9,54.3,80.4,64.2,55.0,50.0,0,0,0,1,0,0
Bolivia,2020,42.8,20.1,23.1,11.2,86.3,54.2,14.2,58.3,52.9,69.9,67.8,15.0,40.0,0,0,0,0,0,1
Brazil,2020,53.7,57.3,45.6,46.7,70.4,54.6,4.6,60.5,49.5,77.2,67.8,60.0,50.0,0,0,0,0,0,1
Canada,2020,78.2,87.7,90.3,72.7,76.5,50.9,83.3,81.7,72.0,76.0,87.0,80.0,80.0,0,0,0,1,0,0
Chile,2020,76.8,69.9,73.4,61.1,76.4,80.8,90.5,75.0,64.7,85.2,89.0,85.0,70.0,0,0,0,0,0,1
Colombia,2020,69.2,61.1,46.1,32.8,70.4,77.0,85.5,71.3,78.0,77.5,81.2,80.0,70.0,0,0,0,0,0,1
Costa Rica,2020,65.8,66.7,57.2,54.4,78.9,88.4,39.7,66.5,55.0,81.2,81.4,70.0,50.0,0,0,0,1,0,0
Cuba,2020,26.9,20.1,38.7,10.0,49.5,0.0,14.8,20.0,20.0,64.1,65.6,10.0,10.0,0,0,0,1,0,0
Dominica,2020,60.8,59.8,51.2,62.6,70.5,16.0,86.2,70.4,60.7,83.5,68.4,70.0,30.0,0,0,0,1,0,0
Dominican Republic,2020,60.9,55.8,31.2,18.2,84.5,90.5,82.4,50.3,57.5,73.5,76.6,70.0,40.0,0,0,0,1,0,0
Ecuador,2020,51.3,40.4,33.4,20.7,77.5,57.9,62.3,53.8,48.0,81.0,66.0,35.0,40.0,0,0,0,0,0,1
El Salvador,2020,61.6,41.6,31.6,30.1,77.8,82.8,80.0,53.6,52.3,78.6,80.8,70.0,60.0,0,0,0,1,0,0
Guatemala,2020,64.0,45.5,29.6,32.2,79.2,95.6,95.7,62.6,48.4,77.4,82.2,70.0,50.0,0,0,0,1,0,0
Guyana,2020,56.2,53.6,34.1,42.6,66.0,64.4,58.6,58.9,62.1,82.5,66.8,55.0,30.0,0,0,0,0,0,1
Haiti,2020,52.3,16.4,22.3,23.3,80.2,89.4,96.3,33.6,62.3,61.5,67.0,45.0,30.0,0,0,0,1,0,0
Honduras,2020,61.1,48.6,28.6,34.2,82.3,78.2,96.7,56.7,31.5,72.2,79.4,65.0,60.0,0,0,0,1,0,0
Jamaica,2020,68.5,62.1,46.8,50.5,80.0,74.8,80.2,77.7,74.0,77.7,68.4,80.0,50.0,0,0,0,1,0,0
Mexico,2020,66.0,58.3,36.7,34.7,76.1,79.3,87.5,67.0,58.4,70.9,87.6,75.0,60.0,0,0,0,1,0,0
Nicaragua,2020,57.2,33.5,24.3,19.5,76.3,77.5,87.2,55.1,55.5,71.5,75.4,60.0,50.0,0,0,0,1,0,0
Panama,2020,67.2,58.8,37.2,30.0,85.3,85.7,91.2,70.8,43.3,79.4,79.2,75.0,70.0,0,0,0,1,0,0
Paraguay,2020,63.0,44.7,29.6,26.4,96.1,88.6,98.0,60.9,29.0,72.5,75.4,75.0,60.0,0,0,0,0,0,1
Peru,2020,67.9,54.9,33.5,30.6,80.8,86.4,89.0,67.1,62.9,86.3,88.4,75.0,60.0,0,0,0,0,0,1
Saint Lucia,2020,68.2,69.8,41.8,62.6,76.9,80.6,83.8,76.7,66.4,82.0,73.2,65.0,40.0,0,0,0,1,0,0
Saint Vincent and the Grenadines,2020,66.8,50.5,46.1,62.6,72.4,73.7,89.0,75.8,73.3,80.8,67.2,70.0,40.0,0,0,0,1,0,0
Suriname,2020,49.5,45.6,36.9,19.5,70.5,74.8,10.3,48.2,71.9,76.1,69.8,40.0,30.0,0,0,0,0,0,1
Bahamas,2020,64.5,54.9,46.0,46.4,96.8,87.4,69.2,69.0,70.0,76.3,47.8,50.0,60.0,0,0,0,1,0,0
Trinidad and Tobago,2020,58.3,56.6,37.4,42.1,82.6,66.5,15.9,67.3,76.0,77.4,67.8,60.0,50.0,0,0,0,1,0,0
United States,2020,76.6,81.8,77.2,83.7,74.6,56.5,54.3,83.3,87.9,75.5,79.8,85.0,80.0,0,0,0,1,0,0
Uruguay,2020,69.1,72.0,73.5,59.8,75.2,66.5,72.3,73.6,71.0,72.7,77.4,85.0,30.0,0,0,0,0,0,1
Venezuela,2020,25.2,10.1,14.6,12.6,72.8,66.3,0.0,30.8,27.7,0.0,58.0,0.0,10.0,0,0,0,0,0,1
Argentina,2019,52.2,47.8,33.5,44.5,69.3,49.5,33.0,56.4,46.9,60.2,70.0,55.0,60.0,0,0,0,0,0,1
Barbados,2019,64.7,52.9,53.8,59.9,70.1,65.0,79.5,69.8,59.9,78.3,56.6,70.0,60.0,0,0,0,1,0,0
Belize,2019,55.4,41.7,27.2,46.9,79.9,65.9,39.1,61.8,54.8,78.7,64.0,55.0,50.0,0,0,0,1,0,0
Bolivia,2019,42.3,20.5,19.7,12.3,82.4,49.3,17.6,58.8,52.9,68.8,70.4,15.0,40.0,0,0,0,0,0,1
Brazil,2019,51.9,57.3,28.1,51.7,70.5,55.2,5.9,57.9,51.9,75.5,69.0,50.0,50.0,0,0,0,0,0,1
Canada,2019,77.7,87.0,84.6,69.4,76.8,51.3,83.1,81.9,73.7,77.2,86.8,80.0,80.0,0,0,0,1,0,0
Chile,2019,75.4,68.7,62.3,56.3,77.3,81.0,89.0,76.6,65.0,84.5,88.8,85.0,70.0,0,0,0,0,0,1
Colombia,2019,67.3,59.2,33.5,34.3,74.3,75.0,79.2,71.4,78.5,75.6,76.0,80.0,70.0,0,0,0,0,0,1
Costa Rica,2019,65.3,58.3,54.5,54.0,79.2,88.4,42.5,67.2,55.2,83.2,81.4,70.0,50.0,0,0,0,1,0,0
Cuba,2019,27.8,31.6,37.7,10.0,48.8,0.0,15.6,20.0,20.0,65.6,64.0,10.0,10.0,0,0,0,1,0,0
Dominica,2019,63.6,49.2,54.5,63.8,72.1,53.5,84.7,70.7,60.4,85.7,68.2,70.0,30.0,0,0,0,1,0,0
Dominican Republic,2019,61.0,50.6,23.2,18.1,84.6,90.3,89.9,51.9,57.6,79.7,75.8,70.0,40.0,0,0,0,1,0,0
Ecuador,2019,46.9,35.9,25.3,20.2,77.0,55.5,32.1,54.1,48.2,73.5,66.4,35.0,40.0,0,0,0,0,0,1
El Salvador,2019,61.8,37.6,23.4,29.1,78.1,86.3,81.9,57.2,53.1,79.0,81.4,75.0,60.0,0,0,0,1,0,0
Guatemala,2019,62.6,40.3,26.4,32.3,79.2,95.6,96.2,53.6,48.7,77.0,82.2,70.0,50.0,0,0,0,1,0,0
Guyana,2019,56.8,41.7,33.2,42.9,67.0,69.4,77.6,59.3,62.0,76.9,66.8,55.0,30.0,0,0,0,0,0,1
Haiti,2019,52.7,10.4,20.3,25.3,79.9,88.3,95.9,36.2,62.6,66.5,72.0,45.0,30.0,0,0,0,1,0,0
Honduras,2019,60.2,43.4,25.3,31.0,82.8,78.2,95.9,56.9,32.0,73.0,79.4,65.0,60.0,0,0,0,1,0,0
Jamaica,2019,68.6,60.7,45.0,49.2,80.2,76.0,80.0,78.0,73.6,82.6,68.4,80.0,50.0,0,0,0,1,0,0
Mexico,2019,64.7,59.1,26.3,34.9,75.8,78.2,83.2,67.8,58.6,75.9,81.4,75.0,60.0,0,0,0,1,0,0
Nicaragua,2019,57.7,33.4,20.3,18.7,76.9,79.1,93.9,56.0,55.8,72.7,76.0,60.0,50.0,0,0,0,1,0,0
Panama,2019,67.2,60.4,34.1,30.1,85.0,85.3,91.3,73.6,43.4,79.4,79.2,75.0,70.0,0,0,0,1,0,0
Paraguay,2019,61.8,39.5,25.5,30.0,96.3,78.9,96.3,61.5,29.2,72.8,76.6,75.0,60.0,0,0,0,0,0,1
Peru,2019,67.8,56.1,31.8,34.0,80.6,86.1,88.5,67.8,63.5,83.9,86.4,75.0,60.0,0,0,0,0,0,1
Saint Lucia,2019,68.7,65.9,50.3,63.8,76.2,79.3,81.3,76.3,69.2,83.9,73.2,65.0,40.0,0,0,0,1,0,0
Saint Vincent and the Grenadines,2019,65.8,36.5,50.5,63.8,71.2,74.3,85.0,76.5,73.5,82.2,66.6,70.0,40.0,0,0,0,1,0,0
Suriname,2019,48.1,49.1,35.5,22.2,70.9,77.2,9.6,48.3,73.5,56.0,64.6,40.0,30.0,0,0,0,0,0,1
Bahamas,2019,62.9,42.2,43.7,46.9,97.3,86.8,65.7,68.5,67.5,78.1,47.8,50.0,60.0,0,0,0,1,0,0
Trinidad and Tobago,2019,57.0,52.3,32.9,40.6,82.3,61.9,16.6,67.8,75.6,75.1,68.4,60.0,50.0,0,0,0,1,0,0
United States,2019,76.8,79.3,77.4,78.6,75.1,57.1,53.1,83.8,89.4,76.6,86.6,85.0,80.0,0,0,0,1,0,0
Uruguay,2019,68.6,68.3,69.2,58.9,77.2,67.5,69.9,74.3,71.9,72.9,78.6,85.0,30.0,0,0,0,0,0,1
Venezuela,2019,25.9,7.6,7.9,13.1,74.7,58.1,17.6,33.9,28.0,0.0,60.0,0.0,10.0,0,0,0,0,0,1
Argentina,2018,52.3,40.8,32.6,44.5,65.7,55.6,52.6,56.2,43.3,51.3,70.3,55.0,60.0,0,0,0,0,0,1
Barbados,2018,57.0,51.4,53.8,54.4,74.0,39.3,0.0,70.5,63.2,85.0,62.2,70.0,60.0,0,0,0,1,0,0
Belize,2018,57.1,42.1,34.7,53.5,80.0,65.5,50.0,62.9,48.7,78.3,64.9,55.0,50.0,0,0,0,1,0,0
Bolivia,2018,44.1,19.0,23.1,11.4,85.7,46.5,46.8,59.2,49.2,67.5,75.5,5.0,40.0,0,0,0,0,0,1
Brazil,2018,51.4,55.8,31.4,55.5,70.6,50.7,7.7,58.6,46.8,71.4,68.5,50.0,50.0,0,0,0,0,0,1
Canada,2018,77.7,87.5,78.3,77.1,76.7,52.3,81.2,81.8,71.3,77.5,88.1,80.0,80.0,0,0,0,1,0,0
Chile,2018,75.2,67.9,61.2,63.4,78.0,81.3,91.7,72.4,60.4,82.4,88.7,85.0,70.0,0,0,0,0,0,1
Colombia,2018,68.9,60.7,33.4,36.4,80.3,74.4,82.2,78.6,75.2,73.9,81.6,80.0,70.0,0,0,0,0,0,1
Costa Rica,2018,65.6,54.8,51.8,57.8,79.3,88.9,46.8,68.3,50.3,85.0,84.7,70.0,50.0,0,0,0,1,0,0
Cuba,2018,31.9,29.7,38.1,10.0,49.0,0.0,64.4,20.0,20.0,66.4,64.7,10.0,10.0,0,0,0,1,0,0
Dominica,2018,64.5,48.6,49.9,69.2,72.9,64.8,85.2,71.7,57.7,86.6,62.6,75.0,30.0,0,0,0,1,0,0
Dominican Republic,2018,61.6,51.7,26.2,23.1,84.6,90.6,90.5,53.2,54.3,77.1,72.4,75.0,40.0,0,0,0,1,0,0
Ecuador,2018,48.5,36.7,30.2,23.3,79.4,52.5,47.0,55.6,43.7,70.1,68.8,35.0,40.0,0,0,0,0,0,1
El Salvador,2018,63.2,37.3,25.2,35.4,78.9,86.3,78.5,58.2,52.9,79.8,86.4,80.0,60.0,0,0,0,1,0,0
Guatemala,2018,63.4,40.4,27.3,33.1,79.2,95.3,95.3,57.3,48.3,77.6,87.2,70.0,50.0,0,0,0,1,0,0
Guyana,2018,58.7,42.1,34.8,42.5,68.4,70.8,73.8,60.3,70.5,79.3,71.5,60.0,30.0,0,0,0,0,0,1
Haiti,2018,55.8,25.1,24.6,42.5,80.1,85.6,83.6,48.3,64.1,68.9,71.9,45.0,30.0,0,0,0,1,0,0
Honduras,2018,60.6,44.3,28.2,34.5,82.8,76.6,87.4,58.5,31.9,73.8,84.4,65.0,60.0,0,0,0,1,0,0
Jamaica,2018,69.1,60.9,39.4,56.6,80.0,77.2,79.5,78.7,74.5,82.0,70.8,80.0,50.0,0,0,0,1,0,0
Mexico,2018,64.8,58.6,26.9,39.0,75.7,78.1,69.8,67.5,59.8,79.2,88.0,75.0,60.0,0,0,0,1,0,0
Nicaragua,2018,58.9,29.8,24.2,19.0,77.2,80.0,94.8,60.2,57.3,73.0,81.0,60.0,50.0,0,0,0,1,0,0
Panama,2018,67.0,60.9,38.8,29.4,85.0,84.1,86.1,74.4,43.5,79.5,77.8,75.0,70.0,0,0,0,1,0,0
Paraguay,2018,62.1,38.3,28.3,28.2,96.1,82.2,97.1,62.2,29.9,72.4,76.1,75.0,60.0,0,0,0,0,0,1
Peru,2018,68.7,56.9,36.6,33.5,80.6,85.6,94.7,69.2,62.4,83.1,87.1,75.0,60.0,0,0,0,0,0,1
Saint Lucia,2018,67.6,67.9,50.9,69.2,75.5,72.4,67.7,76.6,69.5,81.7,74.3,65.0,40.0,0,0,0,1,0,0
Saint Vincent and the Grenadines,2018,67.7,36.7,51.5,69.2,72.7,72.7,83.4,80.0,75.0,85.4,75.7,70.0,40.0,0,0,0,1,0,0
Suriname,2018,48.1,39.7,39.9,21.4,71.4,76.4,11.7,48.3,73.5,50.5,74.8,40.0,30.0,0,0,0,0,0,1
Bahamas,2018,63.3,46.5,50.9,53.5,96.5,82.9,59.0,68.3,64.6,79.2,52.7,45.0,60.0,0,0,0,1,0,0
Trinidad and Tobago,2018,57.7,54.9,33.1,49.8,83.5,54.4,12.6,68.3,74.5,77.4,73.5,60.0,50.0,0,0,0,1,0,0
United States,2018,75.7,79.3,71.9,76.9,65.1,56.5,54.8,82.7,91.4,78.6,86.7,85.0,80.0,0,0,0,1,0,0
Uruguay,2018,69.2,69.3,71.6,67.0,78.0,68.6,71.1,74.4,64.4,70.7,80.4,85.0,30.0,0,0,0,0,0,1
Venezuela,2018,25.2,5.2,7.5,13.8,72.5,57.3,18.4,35.4,24.2,0.0,58.7,0.0,10.0,0,0,0,0,0,1
Argentina,2017,50.4,32.4,38.2,39.6,62.6,54.6,56.4,57.3,46.1,50.9,66.7,50.0,50.0,0,0,0,0,0,1
Barbados,2017,54.5,55.5,34.3,33.0,74.0,39.0,0.0,69.6,67.7,83.7,62.2,75.0,60.0,0,0,0,1,0,0
Belize,2017,58.6,43.5,35.0,48.7,81.3,68.6,60.5,62.7,53.6,79.6,70.1,50.0,50.0,0,0,0,1,0,0
Bolivia,2017,47.7,25.7,32.6,15.4,86.1,49.1,81.4,58.9,35.8,66.4,76.0,5.0,40.0,0,0,0,0,0,1
Brazil,2017,52.9,55.0,33.4,49.7,70.1,53.1,22.8,61.3,52.3,67.0,69.4,50.0,50.0,0,0,0,0,0,1
Canada,2017,78.5,88.3,81.6,80.8,77.4,52.3,80.3,81.9,73.1,77.8,88.4,80.0,80.0,0,0,0,1,0,0
Chile,2017,76.5,68.2,70.5,63.7,77.6,82.2,96.1,72.3,64.3,82.2,86.4,85.0,70.0,0,0,0,0,0,1
Colombia,2017,69.7,63.8,39.6,25.2,80.1,74.2,89.8,77.1,77.9,77.0,81.6,80.0,70.0,0,0,0,0,0,1
Costa Rica,2017,65.0,51.6,55.4,55.6,79.4,88.5,42.4,68.1,53.9,80.8,84.7,70.0,50.0,0,0,0,1,0,0
Cuba,2017,33.9,32.4,41.8,10.0,51.3,0.0,81.2,20.0,20.0,66.0,64.5,10.0,10.0,0,0,0,1,0,0
Dominica,2017,63.7,43.8,40.9,67.7,73.2,67.5,72.6,72.1,59.0,89.5,72.6,75.0,30.0,0,0,0,1,0,0
Dominican Republic,2017,62.9,56.1,30.9,25.3,84.6,90.2,90.1,52.8,56.2,76.7,77.0,75.0,40.0,0,0,0,1,0,0
Ecuador,2017,49.3,38.7,33.9,22.3,79.1,46.1,56.4,55.4,47.3,67.7,69.7,35.0,40.0,0,0,0,0,0,1
El Salvador,2017,64.1,45.3,31.7,35.4,79.0,85.9,74.7,57.3,54.5,79.2,86.5,80.0,60.0,0,0,0,1,0,0
Guatemala,2017,63.0,45.0,27.5,27.8,79.2,94.8,93.5,58.7,48.2,79.4,87.0,65.0,50.0,0,0,0,1,0,0
Guyana,2017,58.5,37.7,33.9,34.1,68.0,72.8,80.9,63.2,70.9,79.8,70.7,60.0,30.0,0,0,0,0,0,1
Haiti,2017,49.6,12.6,19.1,25.1,80.3,81.0,51.8,49.4,62.1,73.8,70.6,40.0,30.0,0,0,0,1,0,0
Honduras,2017,58.8,45.0,32.2,38.2,83.3,74.7,64.1,56.9,31.2,77.3,78.4,65.0,60.0,0,0,0,1,0,0
Jamaica,2017,69.5,58.0,38.2,61.5,81.0,77.5,79.9,78.9,73.7,79.5,75.3,80.0,50.0,0,0,0,1,0,0
Mexico,2017,63.6,58.1,30.0,38.7,74.9,76.7,66.8,70.7,57.9,78.8,80.0,70.0,60.0,0,0,0,1,0,0
Nicaragua,2017,59.2,31.1,27.4,15.9,77.2,80.8,96.1,59.0,55.6,71.2,81.0,65.0,50.0,0,0,0,1,0,0
Panama,2017,66.3,61.1,40.9,21.5,85.2,83.1,84.9,74.4,43.0,78.4,77.8,75.0,70.0,0,0,0,1,0,0
Paraguay,2017,62.4,38.2,32.6,23.3,96.2,83.0,95.1,62.4,28.5,78.3,76.6,75.0,60.0,0,0,0,0,0,1
Peru,2017,68.9,58.3,38.8,28.2,80.3,85.1,98.4,69.4,62.8,83.3,87.1,75.0,60.0,0,0,0,0,0,1
Saint Lucia,2017,65.0,65.5,39.6,68.8,76.4,71.6,53.8,77.2,68.7,82.3,71.6,65.0,40.0,0,0,0,1,0,0
Saint Vincent and the Grenadines,2017,65.2,37.3,47.6,68.8,72.8,71.7,66.7,80.3,74.5,82.9,65.2,75.0,40.0,0,0,0,1,0,0
Suriname,2017,48.0,45.1,31.7,15.4,70.1,69.6,16.2,48.6,76.1,75.1,68.4,30.0,30.0,0,0,0,0,0,1
Bahamas,2017,61.1,45.3,38.2,48.7,97.1,83.8,42.3,68.5,71.5,77.0,50.6,50.0,60.0,0,0,0,1,0,0
Trinidad and Tobago,2017,61.2,54.7,36.8,48.7,81.4,57.7,51.8,67.7,71.4,75.9,78.6,60.0,50.0,0,0,0,1,0,0
United States,2017,75.1,81.3,78.1,75.1,65.3,55.9,53.3,84.4,91.0,80.1,87.1,80.0,70.0,0,0,0,1,0,0
Uruguay,2017,69.7,70.2,70.3,66.8,77.5,69.4,77.2,74.8,62.9,71.3,80.6,85.0,30.0,0,0,0,0,0,1
Venezuela,2017,27.0,6.8,11.6,10.3,72.5,51.5,15.2,39.7,28.5,16.8,60.7,0.0,10.0,0,0,0,0,0,1
Argentina,2016,43.8,15.0,34.0,,66.1,51.3,,56.0,43.9,44.0,67.4,30.0,30.0,0,0,0,0,0,1
Barbados,2016,68.3,80.0,74.0,,75.8,37.6,,70.2,67.3,80.8,62.2,75.0,60.0,0,0,0,1,0,0
Belize,2016,57.4,35.0,6.7,,82.1,71.9,,63.3,60.3,79.2,70.0,55.0,50.0,0,0,0,1,0,0
Bolivia,2016,47.4,10.0,35.0,,86.4,55.5,,58.8,31.7,65.0,76.6,15.0,40.0,0,0,0,0,0,1
Brazil,2016,56.5,45.0,43.0,,69.7,55.2,,61.4,52.5,64.2,69.4,55.0,50.0,0,0,0,0,0,1
Canada,2016,78.0,90.0,81.0,,80.0,50.4,,81.8,72.6,76.9,87.0,80.0,80.0,0,0,0,1,0,0
Chile,2016,77.7,85.0,73.0,,74.8,83.1,,72.1,64.3,82.9,86.4,85.0,70.0,0,0,0,0,0,1
Colombia,2016,70.8,50.0,37.0,,80.1,74.4,,78.2,77.6,79.6,81.0,80.0,70.0,0,0,0,0,0,1
Costa Rica,2016,67.4,50.0,54.0,,79.4,88.7,,68.6,53.8,77.6,81.6,70.0,50.0,0,0,0,1,0,0
Cuba,2016,29.8,10.0,46.0,,52.1,0.0,,20.0,20.0,65.2,64.6,10.0,10.0,0,0,0,1,0,0
Dominica,2016,67.0,60.0,58.0,,74.0,68.5,,73.3,68.7,90.1,72.6,75.0,30.0,0,0,0,1,0,0
Dominican Republic,2016,61.0,25.0,32.0,,84.5,90.2,,56.6,56.5,73.1,77.2,75.0,40.0,0,0,0,1,0,0
Ecuador,2016,48.6,15.0,33.0,,79.2,41.8,,55.5,51.6,68.1,71.4,30.0,40.0,0,0,0,0,0,1
El Salvador,2016,65.1,35.0,39.0,,79.1,85.3,,56.0,52.6,83.4,85.8,75.0,60.0,0,0,0,1,0,0
Guatemala,2016,61.8,20.0,32.0,,79.1,94.3,,62.5,50.9,77.9,86.4,65.0,50.0,0,0,0,1,0,0
Guyana,2016,55.4,30.0,30.0,,68.7,73.1,,63.0,70.7,77.4,70.8,40.0,30.0,0,0,0,0,0,1
Haiti,2016,51.3,10.0,19.0,,80.5,76.4,,47.1,62.0,76.0,72.0,40.0,30.0,0,0,0,1,0,0
Honduras,2016,57.7,30.0,29.0,,84.2,72.0,,58.0,31.0,74.8,78.4,60.0,60.0,0,0,0,1,0,0
Jamaica,2016,67.5,40.0,38.0,,81.7,78.0,,81.3,72.7,77.5,75.4,80.0,50.0,0,0,0,1,0,0
Mexico,2016,65.2,50.0,35.0,,74.9,76.4,,70.7,58.2,77.4,79.2,70.0,60.0,0,0,0,1,0,0
Nicaragua,2016,58.6,10.0,28.0,,78.0,82.8,,61.2,55.7,69.0,86.2,65.0,50.0,0,0,0,1,0,0
Panama,2016,64.8,30.0,37.0,,84.4,77.9,,74.4,42.9,78.6,77.8,75.0,70.0,0,0,0,1,0,0
Paraguay,2016,61.5,30.0,24.0,,96.3,83.3,,62.6,30.4,76.8,76.2,75.0,60.0,0,0,0,0,0,1
Peru,2016,67.4,40.0,38.0,,78.5,86.1,,67.8,62.9,83.7,87.0,70.0,60.0,0,0,0,0,0,1
Saint Lucia,2016,70.0,70.0,71.0,,76.9,70.6,,77.6,76.2,80.3,72.0,65.0,40.0,0,0,0,1,0,0
Saint Vincent and the Grenadines,2016,68.8,70.0,67.0,,73.8,69.7,,77.6,74.5,85.3,65.4,65.0,40.0,0,0,0,1,0,0
Suriname,2016,53.8,30.0,36.0,,69.4,70.3,,48.8,76.3,78.7,68.4,30.0,30.0,0,0,0,0,0,1
Bahamas,2016,70.9,70.0,71.0,,97.9,84.3,,70.7,72.8,78.5,64.0,40.0,60.0,0,0,0,1,0,0
Trinidad and Tobago,2016,62.9,50.0,38.0,,79.4,62.3,,69.5,72.8,68.5,78.6,60.0,50.0,0,0,0,1,0,0
United States,2016,75.4,80.0,74.0,,65.6,54.7,,84.7,91.4,77.0,87.0,70.0,70.0,0,0,0,1,0,0
Uruguay,2016,68.8,70.0,73.0,,77.2,67.6,,75.3,62.5,71.3,80.6,80.0,30.0,0,0,0,0,0,1
Venezuela,2016,33.7,5.0,19.0,,74.9,56.7,,45.3,29.5,33.8,63.2,0.0,10.0,0,0,0,0,0,1
Argentina,2015,44.1,15.0,34.0,,66.8,41.2,,52.8,43.3,59.6,68.8,30.0,30.0,0,0,0,0,0,1
Barbados,2015,67.9,80.0,75.0,,73.8,42.1,,71.6,69.2,78.2,63.8,65.0,60.0,0,0,0,1,0,0
Belize,2015,56.8,30.0,6.7,,82.4,78.3,,59.1,61.8,79.3,70.4,50.0,50.0,0,0,0,1,0,0
Bolivia,2015,46.8,10.0,34.0,,86.8,60.9,,53.7,25.5,69.7,77.6,10.0,40.0,0,0,0,0,0,1
Brazil,2015,56.6,50.0,42.0,,68.4,50.9,,53.6,52.1,69.4,69.6,50.0,60.0,0,0,0,0,0,1
Canada,2015,79.1,90.0,81.0,,79.9,48.3,,89.0,76.1,77.9,88.4,80.0,80.0,0,0,0,1,0,0
Chile,2015,78.5,90.0,71.0,,76.5,83.3,,69.3,67.0,85.6,82.0,90.0,70.0,0,0,0,0,0,1
Colombia,2015,71.7,50.0,36.0,,80.3,76.0,,81.5,81.7,80.1,81.2,80.0,70.0,0,0,0,0,0,1
Costa Rica,2015,67.2,50.0,53.0,,80.0,89.9,,64.5,54.6,75.8,83.8,70.0,50.0,0,0,0,1,0,0
Cuba,2015,29.6,10.0,46.0,,61.8,0.0,,20.0,20.0,64.8,63.8,0.0,10.0,0,0,0,1,0,0
Dominica,2015,66.1,60.0,58.0,,73.6,61.5,,71.6,68.7,89.5,72.8,75.0,30.0,0,0,0,1,0,0
Dominican Republic,2015,61.0,30.0,29.0,,84.1,87.1,,53.5,57.5,76.0,77.8,75.0,40.0,0,0,0,1,0,0
Ecuador,2015,49.2,15.0,35.0,,79.1,51.0,,51.4,51.3,68.2,71.4,30.0,40.0,0,0,0,0,0,1
El Salvador,2015,65.7,35.0,38.0,,79.4,85.5,,53.3,53.3,82.5,85.2,75.0,70.0,0,0,0,1,0,0
Guatemala,2015,60.4,20.0,29.0,,79.6,94.1,,54.7,50.6,76.8,84.6,65.0,50.0,0,0,0,1,0,0
Guyana,2015,55.5,25.0,27.0,,68.7,70.8,,63.8,74.5,78.4,72.0,45.0,30.0,0,0,0,0,0,1
Haiti,2015,51.3,10.0,19.0,,80.3,76.2,,43.1,63.7,73.5,77.6,40.0,30.0,0,0,0,1,0,0
Honduras,2015,57.4,30.0,26.0,,84.9,78.7,,53.2,28.0,75.4,77.6,60.0,60.0,0,0,0,1,0,0
Jamaica,2015,67.7,40.0,38.0,,81.5,73.2,,85.9,76.5,71.4,75.0,85.0,50.0,0,0,0,1,0,0
Mexico,2015,66.4,50.0,34.0,,77.8,78.0,,71.5,59.9,77.6,85.6,70.0,60.0,0,0,0,1,0,0
Nicaragua,2015,57.6,10.0,28.0,,78.4,76.6,,58.0,56.7,67.8,85.4,65.0,50.0,0,0,0,1,0,0
Panama,2015,64.1,30.0,35.0,,84.5,78.8,,71.5,41.5,76.4,78.4,75.0,70.0,0,0,0,1,0,0
Paraguay,2015,61.1,30.0,24.0,,96.0,81.9,,58.4,26.3,78.3,81.4,75.0,60.0,0,0,0,0,0,1
Peru,2015,67.7,40.0,38.0,,78.6,88.5,,67.7,63.4,83.9,87.0,70.0,60.0,0,0,0,0,0,1
Saint Lucia,2015,70.2,70.0,71.0,,77.7,65.8,,75.6,79.8,85.5,72.0,65.0,40.0,0,0,0,1,0,0
Saint Vincent and the Grenadines,2015,68.0,70.0,62.0,,73.3,75.3,,70.8,78.2,82.3,68.4,60.0,40.0,0,0,0,1,0,0
Suriname,2015,54.2,35.0,36.0,,69.3,73.8,,42.2,81.9,77.2,66.2,30.0,30.0,0,0,0,0,0,1
Bahamas,2015,68.7,70.0,71.0,,97.8,83.2,,68.9,75.3,78.8,52.2,30.0,60.0,0,0,0,1,0,0
Trinidad and Tobago,2015,64.1,50.0,38.0,,79.0,69.3,,65.3,76.6,74.3,78.6,60.0,50.0,0,0,0,1,0,0
United States,2015,76.2,80.0,73.0,,66.2,51.8,,88.8,98.5,76.6,87.0,70.0,70.0,0,0,0,1,0,0
Uruguay,2015,68.6,70.0,73.0,,77.1,65.1,,72.6,64.3,71.6,81.8,80.0,30.0,0,0,0,0,0,1
Venezuela,2015,34.3,5.0,20.0,,75.0,52.0,,41.6,24.2,42.8,62.8,0.0,20.0,0,0,0,0,0,1
Argentina,2014,44.6,15.0,29.5,,63.5,49.9,,53.9,44.9,60.0,68.9,30.0,30.0,0,0,0,0,0,1
Barbados,2014,68.3,80.0,77.9,,74.0,49.8,,72.8,78.4,74.6,60.6,55.0,60.0,0,0,0,1,0,0
Belize,2014,56.7,30.0,6.7,,82.1,74.2,,71.6,67.2,77.6,67.8,40.0,50.0,0,0,0,1,0,0
Bolivia,2014,48.4,10.0,28.1,,87.1,62.5,,53.4,29.9,70.0,77.6,15.0,50.0,0,0,0,0,0,1
Brazil,2014,56.9,50.0,37.9,,68.8,54.1,,53.8,49.8,69.9,69.3,55.0,60.0,0,0,0,0,0,1
Canada,2014,80.2,90.0,87.7,,79.7,47.3,,89.3,83.1,76.3,88.3,80.0,80.0,0,0,0,1,0,0
Chile,2014,78.7,90.0,72.3,,76.5,83.8,,69.3,69.3,84.1,82.0,90.0,70.0,0,0,0,0,0,1
Colombia,2014,70.7,50.0,33.2,,80.6,74.9,,85.2,80.5,78.8,78.8,75.0,70.0,0,0,0,0,0,1
Costa Rica,2014,66.9,50.0,50.9,,80.0,90.0,,64.9,53.3,76.3,83.8,70.0,50.0,0,0,0,1,0,0
Cuba,2014,28.7,10.0,41.2,,60.0,0.0,,20.0,20.0,65.8,60.0,0.0,10.0,0,0,0,1,0,0
Dominica,2014,65.2,60.0,53.5,,72.9,61.7,,75.0,70.7,85.8,72.7,70.0,30.0,0,0,0,1,0,0
Dominican Republic,2014,61.3,30.0,27.3,,83.7,92.3,,56.1,55.2,75.7,77.8,75.0,40.0,0,0,0,1,0,0
Ecuador,2014,48.0,20.0,26.0,,79.8,41.8,,52.8,52.0,66.1,71.8,30.0,40.0,0,0,0,0,0,1
El Salvador,2014,66.2,40.0,34.3,,79.6,85.8,,59.6,63.3,80.0,79.0,70.0,70.0,0,0,0,1,0,0
Guatemala,2014,61.2,25.0,28.7,,79.6,93.6,,58.4,49.3,76.7,85.4,65.0,50.0,0,0,0,1,0,0
Guyana,2014,55.7,30.0,24.4,,68.4,71.8,,64.3,72.6,78.1,72.0,45.0,30.0,0,0,0,0,0,1
Haiti,2014,48.9,10.0,16.9,,80.3,66.3,,33.3,68.5,73.6,70.4,40.0,30.0,0,0,0,1,0,0
Honduras,2014,57.1,30.0,23.7,,84.9,79.8,,55.4,26.5,75.1,75.4,60.0,60.0,0,0,0,1,0,0
Jamaica,2014,66.7,40.0,33.0,,77.2,69.4,,84.6,75.6,77.3,75.1,85.0,50.0,0,0,0,1,0,0
Mexico,2014,66.8,50.0,29.7,,80.9,78.9,,76.8,58.3,77.4,85.6,70.0,60.0,0,0,0,1,0,0
Nicaragua,2014,58.4,15.0,24.1,,78.6,80.0,,52.6,60.3,72.8,85.4,65.0,50.0,0,0,0,1,0,0
Panama,2014,63.4,30.0,34.0,,84.3,78.7,,73.0,39.4,75.1,74.2,75.0,70.0,0,0,0,1,0,0
Paraguay,2014,62.0,30.0,20.5,,96.2,89.0,,58.0,28.9,80.9,81.1,75.0,60.0,0,0,0,0,0,1
Peru,2014,67.4,40.0,34.0,,79.1,89.1,,70.6,61.4,83.3,87.0,70.0,60.0,0,0,0,0,0,1
Saint Lucia,2014,70.7,70.0,70.6,,75.7,63.6,,83.1,84.5,82.7,71.9,65.0,40.0,0,0,0,1,0,0
Saint Vincent and the Grenadines,2014,67.0,70.0,61.1,,73.7,72.4,,76.3,78.7,79.8,67.6,50.0,40.0,0,0,0,1,0,0
Suriname,2014,54.2,40.0,32.9,,69.0,78.3,,41.8,81.8,71.8,66.2,30.0,30.0,0,0,0,0,0,1
Bahamas,2014,69.8,70.0,66.6,,97.3,84.1,,70.7,81.5,75.1,52.2,30.0,70.0,0,0,0,1,0,0
Trinidad and Tobago,2014,62.7,50.0,34.0,,84.8,62.5,,59.4,76.4,71.7,78.6,60.0,50.0,0,0,0,1,0,0
United States,2014,75.5,80.0,72.0,,65.8,48.1,,89.2,97.2,75.4,86.8,70.0,70.0,0,0,0,1,0,0
Uruguay,2014,69.3,70.0,70.6,,77.4,68.0,,74.5,68.1,72.1,82.5,80.0,30.0,0,0,0,0,0,1
Venezuela,2014,36.3,5.0,16.5,,75.3,51.8,,43.4,33.7,49.7,62.7,5.0,20.0,0,0,0,0,0,1
Argentina,2013,46.7,15.0,30.0,,64.3,52.1,,60.1,47.4,60.4,67.6,40.0,30.0,0,0,0,0,0,1
Barbados,2013,69.3,80.0,78.0,,74.5,54.2,,74.8,84.4,72.1,60.5,55.0,60.0,0,0,0,1,0,0
Belize,2013,57.3,30.0,0.0,,82.2,72.6,,72.6,71.4,77.3,77.2,40.0,50.0,0,0,0,1,0,0
Bolivia,2013,47.9,10.0,28.0,,88.8,64.1,,55.8,30.8,67.4,74.3,10.0,50.0,0,0,0,0,0,1
Brazil,2013,57.7,50.0,38.0,,70.3,54.8,,53.0,57.2,74.4,69.7,50.0,60.0,0,0,0,0,0,1
Canada,2013,79.4,90.0,87.0,,79.8,44.8,,91.7,82.3,75.2,88.2,75.0,80.0,0,0,0,1,0,0
Chile,2013,79.0,90.0,72.0,,77.6,83.7,,70.5,74.2,84.6,82.0,85.0,70.0,0,0,0,0,0,1
Colombia,2013,69.6,50.0,34.0,,76.1,75.2,,90.2,79.3,78.7,72.2,70.0,70.0,0,0,0,0,0,1
Costa Rica,2013,67.0,50.0,48.0,,82.9,90.1,,58.3,60.4,75.4,85.1,70.0,50.0,0,0,0,1,0,0
Cuba,2013,28.5,10.0,42.0,,62.7,0.0,,10.0,20.0,67.4,62.7,0.0,10.0,0,0,0,1,0,0
Dominica,2013,63.9,60.0,52.0,,72.0,50.1,,77.0,68.8,85.3,74.3,70.0,30.0,0,0,0,1,0,0
Dominican Republic,2013,59.7,30.0,26.0,,83.7,92.6,,53.7,55.6,72.9,77.8,65.0,40.0,0,0,0,1,0,0
Ecuador,2013,46.9,20.0,27.0,,80.1,47.3,,51.5,48.0,66.9,68.1,20.0,40.0,0,0,0,0,0,1
El Salvador,2013,66.7,40.0,34.0,,85.7,85.4,,61.8,62.0,79.6,79.0,70.0,70.0,0,0,0,1,0,0
Guatemala,2013,60.0,30.0,27.0,,79.6,93.6,,50.8,48.7,75.5,85.2,60.0,50.0,0,0,0,1,0,0
Guyana,2013,53.8,30.0,25.0,,67.9,61.1,,66.3,75.4,75.9,71.2,35.0,30.0,0,0,0,0,0,1
Haiti,2013,48.1,10.0,18.0,,80.7,66.3,,33.4,63.6,74.2,74.8,30.0,30.0,0,0,0,1,0,0
Honduras,2013,58.4,30.0,26.0,,85.3,79.2,,61.0,26.8,73.9,77.1,65.0,60.0,0,0,0,1,0,0
Jamaica,2013,66.8,40.0,33.0,,77.5,67.7,,84.3,69.3,76.1,75.0,85.0,60.0,0,0,0,1,0,0
Mexico,2013,67.0,50.0,30.0,,81.1,79.4,,81.4,59.7,77.7,80.6,70.0,60.0,0,0,0,1,0,0
Nicaragua,2013,56.6,15.0,25.0,,78.7,65.1,,51.2,62.2,73.2,85.4,60.0,50.0,0,0,0,1,0,0
Panama,2013,62.5,30.0,33.0,,86.2,77.8,,72.5,40.1,75.9,74.8,65.0,70.0,0,0,0,1,0,0
Paraguay,2013,61.1,30.0,22.0,,95.9,85.4,,59.1,25.6,79.8,82.7,70.0,60.0,0,0,0,0,0,1
Peru,2013,68.2,40.0,34.0,,79.9,89.1,,72.3,67.1,84.3,85.0,70.0,60.0,0,0,0,0,0,1
Saint Lucia,2013,70.4,70.0,70.0,,76.9,63.6,,85.3,76.4,84.7,71.9,65.0,40.0,0,0,0,1,0,0
Saint Vincent and the Grenadines,2013,66.7,70.0,58.0,,74.2,67.1,,77.6,76.6,80.3,73.3,50.0,40.0,0,0,0,1,0,0
Suriname,2013,52.0,40.0,30.0,,71.6,72.5,,40.2,77.5,66.7,66.3,25.0,30.0,0,0,0,0,0,1
Bahamas,2013,70.1,70.0,73.0,,97.0,84.9,,71.3,81.6,75.8,47.0,30.0,70.0,0,0,0,1,0,0
Trinidad and Tobago,2013,62.3,50.0,32.0,,84.9,60.4,,55.1,76.7,73.7,69.9,60.0,60.0,0,0,0,1,0,0
United States,2013,76.0,85.0,71.0,,69.3,47.8,,90.5,95.5,75.0,86.4,70.0,70.0,0,0,0,1,0,0
Uruguay,2013,69.7,70.0,70.0,,84.2,68.3,,73.4,70.7,72.5,82.9,75.0,30.0,0,0,0,0,0,1
Venezuela,2013,36.1,5.0,19.0,,75.6,50.6,,45.6,34.5,47.3,58.8,5.0,20.0,0,0,0,0,0,1
Argentina,2012,48.0,20.0,29.0,,65.5,56.9,,61.0,48.9,60.7,67.6,40.0,30.0,0,0,0,0,0,1
Barbados,2012,69.0,80.0,78.0,,71.1,40.1,,90.0,80.0,75.8,60.5,55.0,60.0,0,0,0,1,0,0
Belize,2012,61.9,30.0,20.0,,82.8,74.6,,73.6,82.2,77.6,78.1,50.0,50.0,0,0,0,1,0,0
Bolivia,2012,50.2,10.0,28.0,,87.0,62.2,,56.5,40.8,72.8,74.3,20.0,50.0,0,0,0,0,0,1
Brazil,2012,57.9,50.0,37.0,,69.1,54.8,,53.7,59.1,75.8,69.7,50.0,60.0,0,0,0,0,0,1
Canada,2012,79.9,90.0,89.0,,79.2,41.7,,96.6,81.8,77.3,87.9,75.0,80.0,0,0,0,1,0,0
Chile,2012,78.3,90.0,72.0,,77.4,82.1,,68.6,75.1,85.6,82.0,80.0,70.0,0,0,0,0,0,1
Colombia,2012,68.0,50.0,35.0,,76.0,74.1,,89.4,79.7,78.7,72.2,65.0,60.0,0,0,0,0,0,1
Costa Rica,2012,68.0,55.0,53.0,,82.8,90.8,,57.6,62.7,73.4,85.1,70.0,50.0,0,0,0,1,0,0
Cuba,2012,28.3,10.0,37.0,,61.5,0.0,,10.0,20.0,71.3,62.7,0.0,10.0,0,0,0,1,0,0
Dominica,2012,61.6,60.0,52.0,,68.8,43.8,,80.5,61.9,85.0,74.3,60.0,30.0,0,0,0,1,0,0
Dominican Republic,2012,60.2,30.0,30.0,,85.8,91.4,,55.5,58.7,75.1,80.1,55.0,40.0,0,0,0,1,0,0
Ecuador,2012,48.3,20.0,25.0,,78.3,64.3,,54.1,41.0,66.8,68.1,25.0,40.0,0,0,0,0,0,1
El Salvador,2012,68.7,40.0,36.0,,85.5,91.1,,63.2,65.3,82.1,79.0,75.0,70.0,0,0,0,1,0,0
Guatemala,2012,60.9,30.0,32.0,,79.6,93.9,,48.5,53.5,77.3,84.6,60.0,50.0,0,0,0,1,0,0
Guyana,2012,51.3,30.0,27.0,,64.0,52.0,,65.5,65.3,77.4,71.5,30.0,30.0,0,0,0,0,0,1
Haiti,2012,50.7,10.0,22.0,,80.6,85.3,,33.3,65.4,76.0,74.8,30.0,30.0,0,0,0,1,0,0
Honduras,2012,58.8,30.0,24.0,,83.7,83.4,,60.6,30.0,74.1,77.1,65.0,60.0,0,0,0,1,0,0
Jamaica,2012,65.1,40.0,33.0,,75.5,58.7,,84.7,69.6,72.4,72.1,85.0,60.0,0,0,0,1,0,0
Mexico,2012,65.3,50.0,31.0,,80.7,78.3,,82.0,61.3,76.5,72.9,60.0,60.0,0,0,0,1,0,0
Nicaragua,2012,57.9,15.0,25.0,,77.1,83.0,,51.2,63.4,74.0,84.9,55.0,50.0,0,0,0,1,0,0
Panama,2012,65.2,40.0,36.0,,84.6,88.2,,74.4,41.5,77.8,74.8,65.0,70.0,0,0,0,1,0,0
Paraguay,2012,61.8,30.0,22.0,,96.9,88.5,,59.8,27.2,81.4,82.7,70.0,60.0,0,0,0,0,0,1
Peru,2012,68.7,40.0,35.0,,79.7,90.9,,72.0,68.5,85.5,85.0,70.0,60.0,0,0,0,0,0,1
Saint Lucia,2012,71.3,70.0,70.0,,74.1,67.7,,84.7,83.5,85.8,71.9,65.0,40.0,0,0,0,1,0,0
Saint Vincent and the Grenadines,2012,66.5,70.0,64.0,,71.5,60.7,,77.4,76.7,81.1,73.3,50.0,40.0,0,0,0,1,0,0
Suriname,2012,52.6,40.0,37.0,,63.2,67.5,,40.7,81.2,74.5,66.3,25.0,30.0,0,0,0,0,0,1
Bahamas,2012,68.0,70.0,55.0,,97.7,85.2,,70.9,82.7,76.0,42.2,30.0,70.0,0,0,0,1,0,0
Trinidad and Tobago,2012,64.4,50.0,36.0,,85.5,65.1,,60.1,77.3,70.1,69.9,60.0,70.0,0,0,0,1,0,0
United States,2012,76.3,85.0,71.0,,69.8,46.7,,91.1,95.8,77.2,86.4,70.0,70.0,0,0,0,1,0,0
Uruguay,2012,69.9,70.0,69.0,,81.2,68.7,,74.9,74.0,73.4,82.9,75.0,30.0,0,0,0,0,0,1
Venezuela,2012,38.1,5.0,20.0,,74.8,67.3,,47.3,36.0,46.4,58.8,5.0,20.0,0,0,0,0,0,1
Argentina,2011,51.7,20.0,29.0,,68.7,81.7,,62.4,47.9,63.2,69.5,45.0,30.0,0,0,0,0,0,1
Barbados,2011,68.5,80.0,74.0,,70.7,48.8,,90.0,80.0,76.3,60.5,45.0,60.0,0,0,0,1,0,0
Belize,2011,63.8,40.0,29.0,,82.3,76.1,,73.7,86.5,78.8,71.5,50.0,50.0,0,0,0,1,0,0
Bolivia,2011,50.0,10.0,27.0,,83.9,63.7,,57.2,41.5,68.8,77.6,20.0,50.0,0,0,0,0,0,1
Brazil,2011,56.3,50.0,37.0,,69.0,49.6,,54.3,57.8,75.9,69.8,50.0,50.0,0,0,0,0,0,1
Canada,2011,80.8,90.0,87.0,,78.0,52.7,,96.4,81.7,78.8,88.1,75.0,80.0,0,0,0,1,0,0
Chile,2011,77.4,85.0,67.0,,77.7,86.6,,67.2,74.5,77.9,88.0,80.0,70.0,0,0,0,0,0,1
Colombia,2011,68.0,50.0,37.0,,74.5,78.9,,86.1,79.3,75.8,73.2,65.0,60.0,0,0,0,0,0,1
Costa Rica,2011,67.3,55.0,53.0,,82.3,86.9,,58.2,62.1,70.7,85.2,70.0,50.0,0,0,0,1,0,0
Cuba,2011,27.7,10.0,44.0,,49.0,0.0,,10.0,20.0,71.6,62.2,0.0,10.0,0,0,0,1,0,0
Dominica,2011,63.3,65.0,59.0,,69.5,45.8,,74.8,62.8,86.3,74.3,65.0,30.0,0,0,0,1,0,0
Dominican Republic,2011,60.0,30.0,30.0,,85.3,89.1,,56.4,57.1,77.1,79.8,55.0,40.0,0,0,0,1,0,0
Ecuador,2011,47.1,20.0,22.0,,78.9,50.1,,53.5,40.1,64.9,76.0,25.0,40.0,0,0,0,0,0,1
El Salvador,2011,68.8,40.0,34.0,,85.8,88.0,,65.5,64.9,79.9,85.0,75.0,70.0,0,0,0,1,0,0
Guatemala,2011,61.9,35.0,34.0,,79.5,94.4,,52.1,53.4,76.4,84.6,60.0,50.0,0,0,0,1,0,0
Guyana,2011,49.4,30.0,26.0,,64.6,29.1,,66.8,60.3,75.8,71.3,30.0,40.0,0,0,0,0,0,1
Haiti,2011,52.1,10.0,18.0,,80.9,90.1,,37.5,76.4,73.7,74.8,30.0,30.0,0,0,0,1,0,0
Honduras,2011,58.6,30.0,25.0,,83.5,85.7,,62.1,29.7,73.2,77.0,60.0,60.0,0,0,0,1,0,0
Jamaica,2011,65.7,40.0,30.0,,75.9,64.7,,86.3,70.2,72.5,72.2,85.0,60.0,0,0,0,1,0,0
Mexico,2011,67.8,50.0,33.0,,81.3,83.1,,87.3,60.9,75.7,81.2,65.0,60.0,0,0,0,1,0,0
Nicaragua,2011,58.8,20.0,25.0,,78.8,81.3,,54.3,67.1,71.7,84.8,55.0,50.0,0,0,0,1,0,0
Panama,2011,64.9,40.0,34.0,,82.6,88.6,,75.1,41.1,77.1,75.8,65.0,70.0,0,0,0,1,0,0
Paraguay,2011,62.3,30.0,21.0,,97.6,93.4,,61.7,24.9,80.9,83.0,70.0,60.0,0,0,0,0,0,1
Peru,2011,68.6,40.0,37.0,,79.4,91.0,,71.9,67.7,83.1,86.0,70.0,60.0,0,0,0,0,0,1
Saint Lucia,2011,70.8,70.0,70.0,,74.4,71.4,,86.2,83.4,85.3,71.9,55.0,40.0,0,0,0,1,0,0
Saint Vincent and the Grenadines,2011,66.9,70.0,64.0,,72.3,65.1,,79.3,76.8,78.2,73.3,50.0,40.0,0,0,0,1,0,0
Suriname,2011,53.1,40.0,37.0,,68.1,80.3,,40.7,81.8,76.4,66.4,10.0,30.0,0,0,0,0,0,1
Bahamas,2011,68.0,70.0,55.0,,97.2,86.9,,72.5,81.3,74.6,42.2,30.0,70.0,0,0,0,1,0,0
Trinidad and Tobago,2011,66.5,50.0,36.0,,83.7,75.8,,58.4,77.1,71.8,81.7,60.0,70.0,0,0,0,1,0,0
United States,2011,77.8,85.0,75.0,,68.3,54.6,,91.0,95.7,77.4,86.4,75.0,70.0,0,0,0,1,0,0
Uruguay,2011,70.0,70.0,67.0,,84.3,76.5,,61.5,74.9,72.8,83.0,80.0,30.0,0,0,0,0,0,1
Venezuela,2011,37.6,5.0,19.0,,75.0,65.3,,47.8,31.1,47.0,61.2,5.0,20.0,0,0,0,0,0,1
Argentina,2010,51.2,20.0,29.0,,69.5,75.6,,62.1,50.1,61.2,69.5,45.0,30.0,0,0,0,0,0,1
Barbados,2010,68.3,80.0,70.0,,70.1,54.6,,90.0,80.0,73.1,60.5,45.0,60.0,0,0,0,1,0,0
Belize,2010,61.5,40.0,29.0,,68.3,74.9,,74.1,81.7,75.6,71.5,50.0,50.0,0,0,0,1,0,0
Bolivia,2010,49.4,10.0,30.0,,84.3,67.5,,57.3,39.4,63.2,76.9,15.0,50.0,0,0,0,0,0,1
Brazil,2010,55.6,50.0,35.0,,68.4,50.3,,54.5,57.5,75.8,69.2,45.0,50.0,0,0,0,0,0,1
Canada,2010,80.4,90.0,87.0,,76.7,54.1,,96.5,81.5,75.4,88.1,75.0,80.0,0,0,0,1,0,0
Chile,2010,77.2,85.0,69.0,,77.5,89.6,,64.8,75.4,73.0,88.0,80.0,70.0,0,0,0,0,0,1
Colombia,2010,65.5,50.0,38.0,,74.3,74.8,,83.6,72.7,74.0,72.5,55.0,60.0,0,0,0,0,0,1
Costa Rica,2010,65.9,50.0,51.0,,82.4,87.0,,59.3,59.0,67.8,82.5,70.0,50.0,0,0,0,1,0,0
Cuba,2010,26.7,10.0,43.0,,45.9,0.0,,10.0,20.0,66.7,61.7,0.0,10.0,0,0,0,1,0,0
Dominica,2010,63.2,65.0,60.0,,67.7,49.8,,75.4,65.2,80.0,74.3,65.0,30.0,0,0,0,1,0,0
Dominican Republic,2010,60.3,30.0,30.0,,85.3,90.2,,62.4,59.6,70.8,80.0,55.0,40.0,0,0,0,1,0,0
Ecuador,2010,49.3,20.0,20.0,,79.3,77.5,,52.9,42.2,63.9,71.8,25.0,40.0,0,0,0,0,0,1
El Salvador,2010,69.9,50.0,39.0,,85.7,89.2,,67.4,64.5,74.1,83.8,75.0,70.0,0,0,0,1,0,0
Guatemala,2010,61.0,35.0,31.0,,79.3,93.9,,52.5,54.3,70.2,84.0,60.0,50.0,0,0,0,1,0,0
Guyana,2010,48.4,35.0,26.0,,55.9,26.2,,63.4,65.2,71.0,71.3,30.0,40.0,0,0,0,0,0,1
Haiti,2010,50.8,10.0,14.0,,81.5,91.3,,36.0,69.2,67.1,79.1,30.0,30.0,0,0,0,1,0,0
Honduras,2010,58.3,30.0,26.0,,84.7,73.5,,63.0,31.6,70.2,83.7,60.0,60.0,0,0,0,1,0,0
Jamaica,2010,65.5,45.0,31.0,,74.8,61.8,,87.0,70.0,68.4,72.2,85.0,60.0,0,0,0,1,0,0
Mexico,2010,68.3,50.0,36.0,,83.5,85.2,,83.0,61.9,76.3,82.0,65.0,60.0,0,0,0,1,0,0
Nicaragua,2010,58.3,25.0,25.0,,78.4,78.5,,55.7,68.3,64.1,82.8,55.0,50.0,0,0,0,1,0,0
Panama,2010,64.8,40.0,34.0,,82.6,90.0,,75.9,41.3,73.2,75.8,65.0,70.0,0,0,0,1,0,0
Paraguay,2010,61.3,30.0,24.0,,96.6,91.7,,60.9,26.1,75.4,83.5,65.0,60.0,0,0,0,0,0,1
Peru,2010,67.6,40.0,36.0,,79.5,92.3,,65.8,66.1,81.6,85.0,70.0,60.0,0,0,0,0,0,1
Saint Lucia,2010,70.5,70.0,71.0,,73.2,71.4,,88.4,84.2,80.1,71.9,55.0,40.0,0,0,0,1,0,0
Saint Vincent and the Grenadines,2010,66.9,70.0,65.0,,72.5,64.1,,79.9,77.6,71.3,73.3,55.0,40.0,0,0,0,1,0,0
Suriname,2010,52.5,40.0,36.0,,66.9,77.8,,41.0,84.5,67.8,66.4,15.0,30.0,0,0,0,0,0,1
Bahamas,2010,67.3,70.0,55.0,,95.2,83.6,,73.4,81.0,72.7,42.2,30.0,70.0,0,0,0,1,0,0
Trinidad and Tobago,2010,65.7,50.0,36.0,,80.8,72.3,,59.0,78.0,69.3,81.7,60.0,70.0,0,0,0,1,0,0
United States,2010,78.0,85.0,73.0,,67.5,58.0,,91.3,94.8,78.1,86.9,75.0,70.0,0,0,0,1,0,0
Uruguay,2010,69.8,75.0,69.0,,81.7,72.6,,63.1,76.2,72.3,82.8,75.0,30.0,0,0,0,0,0,1
Venezuela,2010,37.1,0.0,19.0,,74.0,61.8,,50.3,36.2,47.7,57.2,5.0,20.0,0,0,0,0,0,1
Argentina,2009,52.3,20.0,29.0,,70.3,75.6,,62.1,45.6,60.6,70.0,50.0,40.0,0,0,0,0,0,1
Barbados,2009,71.5,90.0,69.0,,70.9,66.3,,90.0,80.0,74.5,64.6,50.0,60.0,0,0,0,1,0,0
Belize,2009,63.0,50.0,30.0,,68.8,77.6,,75.5,80.6,78.4,69.6,50.0,50.0,0,0,0,1,0,0
Bolivia,2009,53.6,20.0,29.0,,84.8,71.9,,58.5,41.9,67.9,81.8,20.0,60.0,0,0,0,0,0,1
Brazil,2009,56.7,50.0,35.0,,65.8,50.3,,54.4,62.7,77.2,71.6,50.0,50.0,0,0,0,0,0,1
Canada,2009,80.5,90.0,87.0,,76.6,53.7,,96.5,81.9,80.8,88.2,70.0,80.0,0,0,0,1,0,0
Chile,2009,78.3,90.0,70.0,,78.2,90.1,,66.3,75.0,77.3,85.8,80.0,70.0,0,0,0,0,0,1
Colombia,2009,62.3,40.0,38.0,,72.9,65.9,,77.4,66.0,70.6,72.4,60.0,60.0,0,0,0,0,0,1
Costa Rica,2009,66.4,50.0,50.0,,82.8,88.4,,60.3,61.2,69.7,81.8,70.0,50.0,0,0,0,1,0,0
Cuba,2009,27.9,10.0,42.0,,45.9,0.0,,10.0,20.0,67.0,64.4,10.0,10.0,0,0,0,1,0,0
Dominica,2009,62.6,60.0,56.0,,67.4,52.2,,76.4,70.0,79.8,74.2,60.0,30.0,0,0,0,1,0,0
Dominican Republic,2009,59.2,30.0,30.0,,85.2,91.1,,63.7,55.1,74.1,73.0,50.0,40.0,0,0,0,1,0,0
Ecuador,2009,52.5,25.0,21.0,,85.8,83.1,,54.0,38.3,75.0,72.6,30.0,40.0,0,0,0,0,0,1
El Salvador,2009,69.8,50.0,40.0,,85.7,87.9,,67.3,67.5,77.4,81.8,70.0,70.0,0,0,0,1,0,0
Guatemala,2009,59.4,30.0,28.0,,79.4,93.5,,54.1,57.3,73.3,78.4,50.0,50.0,0,0,0,1,0,0
Guyana,2009,48.4,40.0,26.0,,66.5,3.2,,60.9,65.2,69.6,72.6,40.0,40.0,0,0,0,0,0,1
Haiti,2009,50.5,10.0,16.0,,77.9,93.8,,37.7,61.2,69.0,79.4,30.0,30.0,0,0,0,1,0,0
Honduras,2009,58.7,30.0,25.0,,85.1,79.7,,64.4,40.9,73.5,78.0,50.0,60.0,0,0,0,1,0,0
Jamaica,2009,65.2,50.0,33.0,,75.3,62.2,,87.8,67.4,75.4,70.6,80.0,50.0,0,0,0,1,0,0
Mexico,2009,65.8,50.0,35.0,,83.4,81.8,,80.3,59.8,77.5,80.2,50.0,60.0,0,0,0,1,0,0
Nicaragua,2009,59.8,25.0,26.0,,78.8,71.0,,57.6,70.6,69.5,79.2,70.0,50.0,0,0,0,1,0,0
Panama,2009,64.7,30.0,32.0,,82.6,89.8,,74.5,44.1,77.9,76.2,70.0,70.0,0,0,0,1,0,0
Paraguay,2009,61.0,30.0,24.0,,96.6,90.4,,61.7,27.0,76.7,83.6,60.0,60.0,0,0,0,0,0,1
Peru,2009,64.6,40.0,35.0,,79.7,91.8,,65.1,48.7,86.5,79.4,60.0,60.0,0,0,0,0,0,1
Saint Lucia,2009,68.8,70.0,68.0,,74.0,68.5,,87.7,82.8,85.1,72.0,40.0,40.0,0,0,0,1,0,0
Saint Vincent and the Grenadines,2009,64.3,70.0,61.0,,64.7,60.9,,78.2,78.5,75.6,73.6,40.0,40.0,0,0,0,1,0,0
Suriname,2009,54.1,40.0,35.0,,67.7,75.5,,41.5,84.8,72.2,64.2,30.0,30.0,0,0,0,0,0,1
Bahamas,2009,70.3,75.0,50.0,,96.5,84.4,,74.7,80.4,75.5,56.0,40.0,70.0,0,0,0,1,0,0
Trinidad and Tobago,2009,68.0,60.0,34.0,,79.7,75.6,,60.1,78.3,72.2,79.8,70.0,70.0,0,0,0,1,0,0
United States,2009,80.7,90.0,72.0,,67.5,59.6,,91.9,95.1,84.0,86.8,80.0,80.0,0,0,0,1,0,0
Uruguay,2009,69.1,70.0,67.0,,82.2,76.5,,65.6,73.7,72.8,83.4,70.0,30.0,0,0,0,0,0,1
Venezuela,2009,39.9,5.0,20.0,,70.6,69.3,,50.8,30.1,53.7,59.6,10.0,30.0,0,0,0,0,0,1
Argentina,2008,54.2,30.0,29.0,,70.5,80.9,,63.7,42.9,65.0,69.6,50.0,40.0,0,0,0,0,0,1
Barbados,2008,71.3,90.0,67.0,,71.3,62.2,,90.0,80.0,74.0,58.8,60.0,60.0,0,0,0,1,0,0
Belize,2008,63.0,50.0,35.0,,69.3,74.8,,76.5,82.5,77.3,64.6,50.0,50.0,0,0,0,1,0,0
Bolivia,2008,53.1,25.0,27.0,,87.8,68.1,,59.0,28.8,76.5,79.0,20.0,60.0,0,0,0,0,0,1
Brazil,2008,56.2,50.0,33.0,,68.6,55.5,,54.0,63.9,75.7,70.8,50.0,40.0,0,0,0,0,0,1
Canada,2008,80.2,90.0,85.0,,75.5,53.7,,96.7,82.7,81.0,87.0,70.0,80.0,0,0,0,1,0,0
Chile,2008,78.6,90.0,73.0,,78.1,88.2,,67.8,77.4,78.8,82.2,80.0,70.0,0,0,0,0,0,1
Colombia,2008,62.2,40.0,39.0,,72.8,71.2,,72.5,63.9,71.4,70.8,60.0,60.0,0,0,0,0,0,1
Costa Rica,2008,64.2,50.0,41.0,,82.9,87.4,,60.0,61.2,67.9,81.8,70.0,40.0,0,0,0,1,0,0
Cuba,2008,27.5,10.0,35.0,,54.8,0.0,,10.0,20.0,64.6,60.8,10.0,10.0,0,0,0,1,0,0
Dominican Republic,2008,57.7,30.0,28.0,,80.4,88.8,,62.6,54.9,69.3,73.0,50.0,40.0,0,0,0,1,0,0
Ecuador,2008,55.2,30.0,23.0,,86.4,82.3,,58.7,40.3,74.1,67.6,40.0,50.0,0,0,0,0,0,1
El Salvador,2008,68.5,50.0,40.0,,83.4,88.7,,59.5,69.9,76.8,76.6,70.0,70.0,0,0,0,1,0,0
Guatemala,2008,59.8,30.0,26.0,,79.9,95.9,,54.6,60.0,72.9,78.4,50.0,50.0,0,0,0,1,0,0
Guyana,2008,48.8,40.0,25.0,,67.3,16.0,,56.6,63.1,73.9,65.8,40.0,40.0,0,0,0,0,0,1
Haiti,2008,49.0,10.0,18.0,,77.8,93.2,,35.8,62.6,65.3,67.0,30.0,30.0,0,0,0,1,0,0
Honduras,2008,58.9,30.0,25.0,,84.5,82.6,,59.9,45.4,73.7,78.0,50.0,60.0,0,0,0,1,0,0
Jamaica,2008,65.7,50.0,37.0,,74.9,59.6,,82.3,68.4,74.3,70.4,80.0,60.0,0,0,0,1,0,0
Mexico,2008,66.2,50.0,33.0,,83.4,83.7,,82.9,61.9,77.7,79.0,50.0,60.0,0,0,0,1,0,0
Nicaragua,2008,60.8,25.0,26.0,,79.0,77.6,,56.8,73.7,70.6,79.2,70.0,50.0,0,0,0,1,0,0
Panama,2008,64.7,30.0,31.0,,83.0,89.1,,73.0,44.6,80.2,76.2,70.0,70.0,0,0,0,1,0,0
Paraguay,2008,60.0,35.0,26.0,,96.6,90.8,,58.5,28.0,76.6,78.4,50.0,60.0,0,0,0,0,0,1
Peru,2008,63.8,40.0,33.0,,80.2,91.8,,65.7,47.5,85.9,73.4,60.0,60.0,0,0,0,0,0,1
Suriname,2008,54.3,50.0,30.0,,68.0,72.8,,41.9,86.3,69.2,65.0,30.0,30.0,0,0,0,0,0,1
Bahamas,2008,71.1,80.0,70.0,,96.2,86.4,,80.0,80.0,76.3,32.0,40.0,70.0,0,0,0,1,0,0
Trinidad and Tobago,2008,69.5,65.0,32.0,,81.0,81.7,,65.0,79.1,72.6,79.0,70.0,70.0,0,0,0,1,0,0
United States,2008,81.0,90.0,73.0,,68.3,59.8,,92.6,95.4,83.7,86.8,80.0,80.0,0,0,0,1,0,0
Uruguay,2008,67.9,70.0,64.0,,85.9,76.6,,60.8,74.4,74.2,83.0,60.0,30.0,0,0,0,0,0,1
Venezuela,2008,44.7,10.0,23.0,,74.5,79.7,,51.6,33.0,60.6,54.6,20.0,40.0,0,0,0,0,0,1
Argentina,2007,54.0,30.0,28.0,,70.7,81.5,,63.9,42.9,71.4,61.4,50.0,40.0,0,0,0,0,0,1
Barbados,2007,70.0,90.0,69.0,,67.4,59.8,,90.0,80.0,76.6,57.0,50.0,60.0,0,0,0,1,0,0
Belize,2007,63.3,50.0,37.0,,69.7,74.9,,77.4,83.2,73.2,67.2,50.0,50.0,0,0,0,1,0,0
Bolivia,2007,54.2,30.0,25.0,,88.9,69.3,,59.9,28.6,70.9,79.2,30.0,60.0,0,0,0,0,0,1
Brazil,2007,56.2,50.0,37.0,,68.6,55.5,,54.2,64.1,72.6,69.8,50.0,40.0,0,0,0,0,0,1
Canada,2007,78.0,90.0,84.0,,75.9,52.2,,96.8,82.5,80.7,88.2,60.0,70.0,0,0,0,1,0,0
Chile,2007,77.7,90.0,73.0,,78.8,87.9,,68.2,77.0,79.8,82.4,70.0,70.0,0,0,0,0,0,1
Colombia,2007,59.9,30.0,40.0,,71.7,70.2,,71.8,63.5,70.3,71.4,50.0,60.0,0,0,0,0,0,1
Costa Rica,2007,64.0,50.0,42.0,,83.0,86.4,,59.0,60.1,67.1,82.4,70.0,40.0,0,0,0,1,0,0
Cuba,2007,28.6,10.0,38.0,,51.7,10.0,,10.0,20.0,65.8,60.2,10.0,10.0,0,0,0,1,0,0
Dominican Republic,2007,56.8,30.0,30.0,,79.7,90.2,,56.7,54.2,63.2,73.8,50.0,40.0,0,0,0,1,0,0
Ecuador,2007,55.3,30.0,25.0,,86.5,81.7,,58.8,39.8,74.5,67.0,30.0,60.0,0,0,0,0,0,1
El Salvador,2007,68.9,50.0,42.0,,83.5,90.0,,60.2,69.0,77.7,76.6,70.0,70.0,0,0,0,1,0,0
Guatemala,2007,60.5,30.0,25.0,,79.8,96.1,,52.3,59.6,71.6,80.2,50.0,60.0,0,0,0,1,0,0
Guyana,2007,53.7,40.0,25.0,,67.1,34.3,,57.0,62.5,74.1,67.0,50.0,60.0,0,0,0,0,0,1
Haiti,2007,51.4,10.0,18.0,,78.0,95.2,,38.6,62.6,62.2,79.2,30.0,40.0,0,0,0,1,0,0
Honduras,2007,59.1,30.0,26.0,,81.8,82.6,,56.1,44.0,71.5,79.2,50.0,70.0,0,0,0,1,0,0
Jamaica,2007,65.5,50.0,36.0,,75.1,61.8,,82.0,68.5,71.0,70.4,80.0,60.0,0,0,0,1,0,0
Mexico,2007,66.0,50.0,35.0,,82.2,83.4,,83.5,61.7,77.0,77.6,50.0,60.0,0,0,0,1,0,0
Nicaragua,2007,62.7,30.0,26.0,,79.6,78.5,,56.4,73.4,70.9,82.4,70.0,60.0,0,0,0,1,0,0
Panama,2007,64.6,30.0,35.0,,83.0,89.5,,72.7,43.7,85.8,76.2,70.0,60.0,0,0,0,1,0,0
Paraguay,2007,58.3,30.0,21.0,,96.7,91.4,,49.3,28.5,78.4,77.4,50.0,60.0,0,0,0,0,0,1
Peru,2007,62.7,40.0,35.0,,80.2,91.4,,65.2,46.6,85.7,72.6,50.0,60.0,0,0,0,0,0,1
Suriname,2007,54.8,50.0,32.0,,67.8,75.6,,42.0,86.1,69.1,65.0,30.0,30.0,0,0,0,0,0,1
Bahamas,2007,72.0,80.0,70.0,,96.6,88.7,,80.0,80.0,76.1,38.8,40.0,70.0,0,0,0,1,0,0
Trinidad and Tobago,2007,70.6,70.0,38.0,,82.0,80.6,,62.7,78.9,74.7,79.0,70.0,70.0,0,0,0,1,0,0
United States,2007,81.2,90.0,76.0,,69.0,60.3,,91.4,94.7,83.8,86.6,80.0,80.0,0,0,0,1,0,0
Uruguay,2007,68.4,70.0,59.0,,86.2,77.8,,62.2,73.9,73.1,81.6,70.0,30.0,0,0,0,0,0,1
Venezuela,2007,47.9,30.0,23.0,,75.6,79.9,,50.4,40.9,57.6,61.2,20.0,40.0,0,0,0,0,0,1
Argentina,2006,53.4,30.0,25.0,,71.5,81.5,,62.9,44.4,71.5,67.4,50.0,30.0,0,0,0,0,0,1
Barbados,2006,71.9,90.0,73.0,,67.4,58.7,,90.0,80.0,87.7,52.0,50.0,70.0,0,0,0,1,0,0
Belize,2006,64.7,50.0,38.0,,83.9,71.5,,77.4,83.8,84.2,58.4,50.0,50.0,0,0,0,1,0,0
Bolivia,2006,57.8,30.0,22.0,,90.4,68.1,,60.9,49.2,82.6,74.4,30.0,70.0,0,0,0,0,0,1
Brazil,2006,60.9,50.0,39.0,,83.8,71.7,,53.5,66.1,76.3,69.0,50.0,50.0,0,0,0,0,0,1
Canada,2006,77.4,90.0,85.0,,75.3,53.4,,96.9,84.2,85.9,83.2,50.0,70.0,0,0,0,1,0,0
Chile,2006,78.0,90.0,74.0,,78.6,87.5,,68.1,77.5,86.9,77.6,70.0,70.0,0,0,0,0,0,1
Colombia,2006,60.4,30.0,38.0,,66.6,68.3,,72.1,63.8,79.2,65.8,50.0,70.0,0,0,0,0,0,1
Costa Rica,2006,65.9,50.0,49.0,,83.0,85.2,,59.4,61.2,73.7,77.4,70.0,50.0,0,0,0,1,0,0
Cuba,2006,29.3,10.0,37.0,,44.2,0.0,,10.0,20.0,71.5,60.2,30.0,10.0,0,0,0,1,0,0
Dominican Republic,2006,56.3,30.0,29.0,,85.4,90.1,,57.0,54.5,49.3,67.4,50.0,50.0,0,0,0,1,0,0
Ecuador,2006,54.6,30.0,24.0,,86.2,84.5,,58.2,39.7,76.1,67.0,30.0,50.0,0,0,0,0,0,1
El Salvador,2006,69.6,50.0,42.0,,86.2,92.2,,57.9,68.6,82.9,76.4,70.0,70.0,0,0,0,1,0,0
Guatemala,2006,59.1,30.0,22.0,,79.7,94.6,,49.2,62.4,78.1,75.2,50.0,50.0,0,0,0,1,0,0
Guyana,2006,56.6,50.0,30.0,,60.3,41.7,,56.9,62.9,80.7,63.8,50.0,70.0,0,0,0,0,0,1
Haiti,2006,49.2,10.0,15.0,,78.0,93.2,,36.2,62.2,58.6,79.2,30.0,30.0,0,0,0,1,0,0
Honduras,2006,57.4,30.0,23.0,,82.1,78.5,,55.3,44.0,72.1,69.4,50.0,70.0,0,0,0,1,0,0
Jamaica,2006,66.4,50.0,33.0,,77.9,54.4,,82.6,68.2,72.9,65.4,90.0,70.0,0,0,0,1,0,0
Mexico,2006,64.7,50.0,36.0,,78.4,82.1,,79.7,62.0,81.3,57.4,50.0,70.0,0,0,0,1,0,0
Nicaragua,2006,63.8,30.0,27.0,,79.8,78.1,,57.0,76.1,72.3,77.6,70.0,70.0,0,0,0,1,0,0
Panama,2006,65.6,30.0,37.0,,81.3,88.0,,73.7,44.2,90.2,71.2,70.0,70.0,0,0,0,1,0,0
Paraguay,2006,55.6,30.0,19.0,,90.1,90.8,,50.0,28.9,72.9,74.6,50.0,50.0,0,0,0,0,0,1
Peru,2006,60.5,30.0,35.0,,80.3,75.6,,65.6,47.0,84.0,67.2,50.0,70.0,0,0,0,0,0,1
Suriname,2006,55.1,50.0,43.0,,64.5,76.6,,42.0,86.2,67.1,61.6,30.0,30.0,0,0,0,0,0,1
Bahamas,2006,72.3,90.0,70.0,,96.8,87.1,,80.0,80.0,82.2,17.0,50.0,70.0,0,0,0,1,0,0
Trinidad and Tobago,2006,70.4,70.0,42.0,,76.5,81.1,,62.7,79.2,77.7,75.2,70.0,70.0,0,0,0,1,0,0
United States,2006,81.2,90.0,75.0,,68.9,61.1,,93.2,97.8,85.0,81.4,70.0,90.0,0,0,0,1,0,0
Uruguay,2006,65.3,70.0,62.0,,86.1,45.8,,63.9,76.3,73.0,76.4,70.0,30.0,0,0,0,0,0,1
Venezuela,2006,44.6,30.0,23.0,,75.6,76.8,,48.9,35.0,53.9,63.0,10.0,30.0,0,0,0,0,0,1
Argentina,2005,51.7,30.0,25.0,,72.7,73.7,,70.0,43.9,65.4,56.2,50.0,30.0,0,0,0,0,0,1
Barbados,2005,70.1,90.0,70.0,,60.6,56.0,,85.0,80.0,87.7,52.0,50.0,70.0,0,0,0,1,0,0
Belize,2005,64.5,50.0,45.0,,83.9,68.9,,70.0,83.3,85.2,58.4,50.0,50.0,0,0,0,1,0,0
Bolivia,2005,58.4,30.0,23.0,,88.9,66.7,,55.0,47.7,84.9,67.4,50.0,70.0,0,0,0,0,0,1
Brazil,2005,61.7,50.0,39.0,,86.2,69.9,,70.0,64.6,72.7,65.2,50.0,50.0,0,0,0,0,0,1
Canada,2005,75.8,90.0,87.0,,75.1,50.8,,85.0,82.2,84.7,82.8,50.0,70.0,0,0,0,1,0,0
Chile,2005,77.8,90.0,74.0,,78.3,84.8,,70.0,77.3,84.4,79.2,70.0,70.0,0,0,0,0,0,1
Colombia,2005,59.6,30.0,37.0,,66.7,66.3,,70.0,62.8,78.3,64.8,50.0,70.0,0,0,0,0,0,1
Costa Rica,2005,66.1,50.0,43.0,,83.0,84.7,,70.0,61.1,75.5,73.4,70.0,50.0,0,0,0,1,0,0
Cuba,2005,35.5,10.0,46.0,,46.7,5.9,,55.0,20.0,70.6,61.2,30.0,10.0,0,0,0,1,0,0
Dominican Republic,2005,55.1,30.0,33.0,,84.9,89.7,,55.0,56.9,56.5,64.8,50.0,30.0,0,0,0,1,0,0
Ecuador,2005,52.9,30.0,22.0,,85.0,84.5,,55.0,39.8,68.3,64.0,30.0,50.0,0,0,0,0,0,1
El Salvador,2005,71.5,50.0,37.0,,83.5,92.7,,85.0,68.1,85.6,72.8,70.0,70.0,0,0,0,1,0,0
Guatemala,2005,59.5,30.0,24.0,,77.0,95.4,,55.0,60.6,79.1,73.4,30.0,70.0,0,0,0,1,0,0
Guyana,2005,56.5,50.0,30.0,,60.3,43.0,,55.0,62.5,80.1,63.8,50.0,70.0,0,0,0,0,0,1
Haiti,2005,48.4,10.0,15.0,,78.1,96.3,,40.0,61.9,55.4,67.0,30.0,30.0,0,0,0,1,0,0
Honduras,2005,55.3,30.0,23.0,,82.2,75.3,,55.0,44.7,72.2,70.4,30.0,70.0,0,0,0,1,0,0
Jamaica,2005,67.0,50.0,38.0,,76.4,62.4,,70.0,68.4,75.8,69.4,90.0,70.0,0,0,0,1,0,0
Mexico,2005,65.2,50.0,36.0,,74.9,83.7,,70.0,61.4,81.1,75.2,50.0,70.0,0,0,0,1,0,0
Nicaragua,2005,62.5,30.0,26.0,,82.9,82.4,,55.0,72.9,75.8,80.4,50.0,70.0,0,0,0,1,0,0
Panama,2005,64.3,30.0,34.0,,81.3,79.4,,70.0,45.2,89.8,73.6,70.0,70.0,0,0,0,1,0,0
Paraguay,2005,53.4,30.0,16.0,,90.2,86.9,,55.0,28.1,67.5,60.0,50.0,50.0,0,0,0,0,0,1
Peru,2005,61.3,30.0,37.0,,82.3,76.0,,55.0,45.9,86.6,59.8,70.0,70.0,0,0,0,0,0,1
Suriname,2005,51.9,50.0,10.0,,66.6,70.0,,55.0,85.8,59.9,61.6,30.0,30.0,0,0,0,0,0,1
Bahamas,2005,72.6,90.0,70.0,,96.7,88.0,,85.0,80.0,79.5,17.0,50.0,70.0,0,0,0,1,0,0
Trinidad and Tobago,2005,71.5,70.0,46.0,,73.7,80.2,,70.0,79.0,77.3,79.2,70.0,70.0,0,0,0,1,0,0
United States,2005,79.9,90.0,75.0,,68.6,60.0,,85.0,95.4,85.7,79.8,70.0,90.0,0,0,0,1,0,0
Uruguay,2005,66.9,70.0,55.0,,86.1,51.3,,70.0,75.9,69.1,72.0,70.0,50.0,0,0,0,0,0,1
Venezuela,2005,45.2,30.0,24.0,,75.8,80.2,,55.0,32.3,51.9,62.4,10.0,30.0,0,0,0,0,0,1
Argentina,2004,53.9,30.0,28.0,,72.4,78.8,,70.0,,64.0,61.6,50.0,30.0,0,0,0,0,0,1
Barbados,2004,69.4,90.0,70.0,,59.8,58.9,,85.0,,88.9,52.0,50.0,70.0,0,0,0,1,0,0
Belize,2004,62.8,50.0,50.0,,84.1,64.7,,70.0,,86.5,60.0,50.0,50.0,0,0,0,1,0,0
Bolivia,2004,64.5,30.0,22.0,,88.9,69.9,,55.0,,87.5,67.0,90.0,70.0,0,0,0,0,0,1
Brazil,2004,62.0,50.0,40.0,,90.2,68.1,,70.0,,77.2,62.8,50.0,50.0,0,0,0,0,0,1
Canada,2004,75.3,90.0,90.0,,73.6,50.5,,85.0,,85.4,83.2,50.0,70.0,0,0,0,1,0,0
Chile,2004,76.9,90.0,75.0,,78.5,81.5,,70.0,,84.2,73.0,70.0,70.0,0,0,0,0,0,1
Colombia,2004,61.2,30.0,36.0,,66.7,66.9,,70.0,,78.3,63.0,70.0,70.0,0,0,0,0,0,1
Costa Rica,2004,66.4,50.0,45.0,,83.0,78.1,,70.0,,75.1,76.4,70.0,50.0,0,0,0,1,0,0
Cuba,2004,34.4,10.0,10.0,,49.9,14.8,,55.0,,66.4,63.6,30.0,10.0,0,0,0,1,0,0
Dominican Republic,2004,54.6,30.0,35.0,,85.0,92.8,,55.0,,69.1,44.4,50.0,30.0,0,0,0,1,0,0
Ecuador,2004,54.4,30.0,22.0,,85.4,76.8,,55.0,,57.6,62.4,50.0,50.0,0,0,0,0,0,1
El Salvador,2004,71.2,50.0,34.0,,83.6,90.8,,85.0,,85.2,72.2,70.0,70.0,0,0,0,1,0,0
Guatemala,2004,59.6,30.0,25.0,,79.8,95.0,,55.0,,77.4,73.8,30.0,70.0,0,0,0,1,0,0
Guyana,2004,53.0,50.0,30.0,,60.9,14.5,,55.0,,81.1,65.2,50.0,70.0,0,0,0,0,0,1
Haiti,2004,51.2,10.0,22.0,,78.2,96.9,,40.0,,68.7,65.0,30.0,50.0,0,0,0,1,0,0
Honduras,2004,55.3,30.0,27.0,,84.9,79.7,,55.0,,71.5,70.0,30.0,50.0,0,0,0,1,0,0
Jamaica,2004,66.7,50.0,40.0,,76.7,61.3,,70.0,,78.0,64.4,90.0,70.0,0,0,0,1,0,0
Mexico,2004,66.0,50.0,36.0,,73.3,83.1,,70.0,,79.8,81.6,50.0,70.0,0,0,0,1,0,0
Nicaragua,2004,61.4,30.0,25.0,,85.6,82.6,,55.0,,75.1,79.0,50.0,70.0,0,0,0,1,0,0
Panama,2004,65.3,30.0,30.0,,81.2,76.5,,70.0,,89.1,70.8,70.0,70.0,0,0,0,1,0,0
Paraguay,2004,56.7,30.0,17.0,,90.0,87.8,,55.0,,70.4,59.8,50.0,50.0,0,0,0,0,0,1
Peru,2004,64.7,30.0,40.0,,81.5,87.5,,55.0,,88.8,59.8,70.0,70.0,0,0,0,0,0,1
Suriname,2004,47.9,50.0,10.0,,61.4,62.2,,55.0,,58.1,54.4,50.0,30.0,0,0,0,0,0,1
Bahamas,2004,72.1,90.0,70.0,,97.1,87.1,,85.0,,82.5,17.0,50.0,70.0,0,0,0,1,0,0
Trinidad and Tobago,2004,71.3,70.0,49.0,,71.7,83.1,,70.0,,81.7,75.8,70.0,70.0,0,0,0,1,0,0
United States,2004,78.7,90.0,77.0,,67.2,62.2,,85.0,,85.9,81.4,70.0,90.0,0,0,0,1,0,0
Uruguay,2004,66.7,70.0,51.0,,83.5,60.0,,70.0,,74.2,71.8,70.0,50.0,0,0,0,0,0,1
Venezuela,2004,46.7,30.0,25.0,,75.6,79.2,,55.0,,57.1,58.0,10.0,30.0,0,0,0,0,0,1
Argentina,2003,56.3,30.0,35.0,,72.2,76.8,,70.0,,88.5,54.0,50.0,30.0,0,0,0,0,0,1
Barbados,2003,71.3,90.0,70.0,,60.4,64.7,,85.0,,85.1,66.8,50.0,70.0,0,0,0,1,0,0
Belize,2003,63.5,50.0,50.0,,84.3,60.9,,70.0,,89.2,66.8,50.0,50.0,0,0,0,1,0,0
Bolivia,2003,64.3,30.0,20.0,,88.6,73.0,,55.0,,85.2,66.8,90.0,70.0,0,0,0,0,0,1
Brazil,2003,63.4,50.0,40.0,,90.2,82.7,,70.0,,78.6,59.0,50.0,50.0,0,0,0,0,0,1
Canada,2003,74.8,90.0,89.0,,72.7,47.8,,85.0,,85.0,83.4,50.0,70.0,0,0,0,1,0,0
Chile,2003,76.0,90.0,75.0,,75.0,81.8,,70.0,,83.0,69.0,70.0,70.0,0,0,0,0,0,1
Colombia,2003,64.2,30.0,38.0,,72.5,87.6,,70.0,,76.5,63.0,70.0,70.0,0,0,0,0,0,1
Costa Rica,2003,67.0,50.0,45.0,,83.2,83.6,,70.0,,74.0,77.6,70.0,50.0,0,0,0,1,0,0
Cuba,2003,35.1,10.0,10.0,,50.9,18.3,,55.0,,68.3,63.8,30.0,10.0,0,0,0,1,0,0
Dominican Republic,2003,57.8,30.0,31.0,,85.3,93.5,,55.0,,71.7,53.4,50.0,50.0,0,0,0,1,0,0
Ecuador,2003,54.1,30.0,23.0,,86.3,85.7,,55.0,,43.8,62.8,50.0,50.0,0,0,0,0,0,1
El Salvador,2003,71.5,50.0,36.0,,83.7,93.1,,85.0,,83.8,72.0,70.0,70.0,0,0,0,1,0,0
Guatemala,2003,62.3,30.0,29.0,,79.8,95.5,,55.0,,78.3,73.4,50.0,70.0,0,0,0,1,0,0
Guyana,2003,50.3,50.0,30.0,,60.3,7.9,,55.0,,82.4,66.8,50.0,50.0,0,0,0,0,0,1
Haiti,2003,50.6,10.0,10.0,,78.4,96.7,,40.0,,66.7,73.2,30.0,50.0,0,0,0,1,0,0
Honduras,2003,60.4,50.0,27.0,,84.8,83.6,,55.0,,74.8,68.4,50.0,50.0,0,0,0,1,0,0
Jamaica,2003,67.0,50.0,38.0,,75.6,65.3,,70.0,,78.0,65.8,90.0,70.0,0,0,0,1,0,0
Mexico,2003,65.3,50.0,37.0,,68.3,84.7,,70.0,,77.0,81.0,50.0,70.0,0,0,0,1,0,0
Nicaragua,2003,62.6,30.0,24.0,,81.8,82.3,,55.0,,71.3,79.2,70.0,70.0,0,0,0,1,0,0
Panama,2003,68.4,30.0,37.0,,81.1,78.3,,70.0,,89.9,69.4,70.0,90.0,0,0,0,1,0,0
Paraguay,2003,58.2,30.0,20.0,,89.8,92.8,,55.0,,72.5,64.0,50.0,50.0,0,0,0,0,0,1
Peru,2003,64.6,30.0,41.0,,81.6,88.8,,55.0,,84.8,59.8,70.0,70.0,0,0,0,0,0,1
Suriname,2003,46.9,50.0,10.0,,67.3,48.1,,55.0,,45.4,66.8,50.0,30.0,0,0,0,0,0,1
Bahamas,2003,73.5,90.0,70.0,,96.9,88.8,,100.0,,80.4,15.0,50.0,70.0,0,0,0,1,0,0
Trinidad and Tobago,2003,68.8,70.0,53.0,,72.4,81.8,,70.0,,81.1,51.0,70.0,70.0,0,0,0,1,0,0
United States,2003,78.2,90.0,76.0,,63.5,63.5,,85.0,,84.2,81.4,70.0,90.0,0,0,0,1,0,0
Uruguay,2003,69.8,70.0,51.0,,87.0,70.2,,70.0,,81.4,59.0,70.0,70.0,0,0,0,0,0,1
Venezuela,2003,54.8,30.0,28.0,,75.0,86.3,,55.0,,61.0,58.2,50.0,50.0,0,0,0,0,0,1
Argentina,2002,65.7,50.0,35.0,,72.4,76.5,,70.0,,94.3,53.0,70.0,70.0,0,0,0,0,0,1
Barbados,2002,73.6,90.0,70.0,,59.0,65.3,,85.0,,86.3,66.8,70.0,70.0,0,0,0,1,0,0
Belize,2002,65.6,50.0,50.0,,84.5,74.8,,70.0,,94.0,66.8,50.0,50.0,0,0,0,1,0,0
Bolivia,2002,65.1,30.0,27.0,,88.7,69.3,,55.0,,81.9,74.2,90.0,70.0,0,0,0,0,0,1
Brazil,2002,61.5,50.0,39.0,,86.3,71.2,,70.0,,79.3,58.0,50.0,50.0,0,0,0,0,0,1
Canada,2002,74.6,90.0,92.0,,71.1,49.6,,85.0,,85.4,78.6,50.0,70.0,0,0,0,1,0,0
Chile,2002,77.8,90.0,74.0,,74.0,82.7,,85.0,,82.7,71.4,70.0,70.0,0,0,0,0,0,1
Colombia,2002,64.2,30.0,32.0,,72.6,89.2,,70.0,,74.5,69.8,70.0,70.0,0,0,0,0,0,1
Costa Rica,2002,67.5,50.0,54.0,,83.3,85.5,,70.0,,74.2,71.0,70.0,50.0,0,0,0,1,0,0
Cuba,2002,32.4,10.0,10.0,,46.5,12.5,,40.0,,72.0,60.6,30.0,10.0,0,0,0,1,0,0
Dominican Republic,2002,58.6,30.0,30.0,,85.3,93.3,,55.0,,73.1,60.8,50.0,50.0,0,0,0,1,0,0
Ecuador,2002,53.1,30.0,26.0,,86.7,84.1,,55.0,,33.4,62.4,70.0,30.0,0,0,0,0,0,1
El Salvador,2002,73.0,50.0,41.0,,83.7,93.3,,85.0,,86.3,77.4,70.0,70.0,0,0,0,1,0,0
Guatemala,2002,62.3,30.0,32.0,,79.8,95.7,,55.0,,74.7,73.6,50.0,70.0,0,0,0,1,0,0
Guyana,2002,54.3,50.0,30.0,,60.9,47.1,,55.0,,79.1,66.8,50.0,50.0,0,0,0,0,0,1
Haiti,2002,47.9,10.0,10.0,,78.3,95.7,,40.0,,67.9,68.8,30.0,30.0,0,0,0,1,0,0
Honduras,2002,58.7,50.0,18.0,,84.4,82.7,,55.0,,68.6,69.8,50.0,50.0,0,0,0,1,0,0
Jamaica,2002,61.7,50.0,38.0,,76.1,56.7,,70.0,,77.4,66.8,90.0,30.0,0,0,0,1,0,0
Mexico,2002,63.0,50.0,33.0,,68.8,85.5,,55.0,,73.2,81.2,50.0,70.0,0,0,0,1,0,0
Nicaragua,2002,61.1,30.0,31.0,,81.3,81.3,,55.0,,68.5,63.2,70.0,70.0,0,0,0,1,0,0
Panama,2002,68.5,30.0,50.0,,80.9,76.5,,70.0,,87.8,61.0,70.0,90.0,0,0,0,1,0,0
Paraguay,2002,59.6,30.0,20.0,,89.8,92.3,,55.0,,71.3,58.0,70.0,50.0,0,0,0,0,0,1
Peru,2002,64.8,30.0,44.0,,80.5,91.3,,55.0,,82.3,60.4,70.0,70.0,0,0,0,0,0,1
Suriname,2002,48.0,50.0,10.0,,65.7,65.3,,55.0,,39.0,66.8,50.0,30.0,0,0,0,0,0,1
Bahamas,2002,74.4,90.0,70.0,,97.0,89.2,,100.0,,88.1,15.0,50.0,70.0,0,0,0,1,0,0
Trinidad and Tobago,2002,70.1,70.0,53.0,,71.6,76.5,,70.0,,82.8,66.8,70.0,70.0,0,0,0,1,0,0
United States,2002,78.4,90.0,78.0,,63.4,65.3,,85.0,,84.1,79.4,70.0,90.0,0,0,0,1,0,0
Uruguay,2002,68.7,70.0,44.0,,86.9,69.3,,70.0,,80.1,58.0,70.0,70.0,0,0,0,0,0,1
Venezuela,2002,54.7,30.0,27.0,,75.0,89.2,,55.0,,56.9,58.8,50.0,50.0,0,0,0,0,0,1
Argentina,2001,68.6,50.0,30.0,,72.5,79.7,,85.0,,95.4,65.0,70.0,70.0,0,0,0,0,0,1
Barbados,2001,71.5,90.0,70.0,,58.8,65.3,,85.0,,87.4,46.8,70.0,70.0,0,0,0,1,0,0
Belize,2001,65.9,70.0,50.0,,83.6,74.8,,70.0,,88.9,56.0,50.0,50.0,0,0,0,1,0,0
Bolivia,2001,68.0,50.0,25.0,,88.2,74.8,,55.0,,87.7,71.6,90.0,70.0,0,0,0,0,0,1
Brazil,2001,61.9,50.0,41.0,,87.0,71.2,,70.0,,81.3,57.0,50.0,50.0,0,0,0,0,0,1
Canada,2001,71.2,90.0,92.0,,41.5,47.1,,85.0,,87.2,77.8,50.0,70.0,0,0,0,1,0,0
Chile,2001,75.1,90.0,69.0,,73.7,84.1,,85.0,,82.4,71.6,70.0,50.0,0,0,0,0,0,1
Colombia,2001,65.6,50.0,29.0,,72.4,88.0,,70.0,,71.7,69.2,70.0,70.0,0,0,0,0,0,1
Costa Rica,2001,67.6,50.0,51.0,,83.2,88.0,,70.0,,74.3,71.8,70.0,50.0,0,0,0,1,0,0
Cuba,2001,31.6,10.0,10.0,,46.5,0.0,,40.0,,77.0,60.6,30.0,10.0,0,0,0,1,0,0
Dominican Republic,2001,59.1,30.0,30.0,,85.3,93.3,,55.0,,79.2,59.4,50.0,50.0,0,0,0,1,0,0
Ecuador,2001,55.1,30.0,24.0,,90.8,85.5,,55.0,,51.9,59.0,70.0,30.0,0,0,0,0,0,1
El Salvador,2001,73.0,50.0,39.0,,83.7,94.1,,85.0,,87.6,77.2,70.0,70.0,0,0,0,1,0,0
Guatemala,2001,65.1,50.0,32.0,,86.7,94.9,,55.0,,74.8,72.6,50.0,70.0,0,0,0,1,0,0
Guyana,2001,53.3,50.0,30.0,,60.3,54.4,,55.0,,79.0,51.0,50.0,50.0,0,0,0,0,0,1
Haiti,2001,47.1,10.0,10.0,,78.3,95.7,,40.0,,64.7,65.0,30.0,30.0,0,0,0,1,0,0
Honduras,2001,57.0,30.0,18.0,,81.9,86.8,,55.0,,67.2,73.8,50.0,50.0,0,0,0,1,0,0
Jamaica,2001,63.7,50.0,38.0,,76.7,84.1,,70.0,,78.3,76.4,70.0,30.0,0,0,0,1,0,0
Mexico,2001,60.6,50.0,34.0,,69.0,85.5,,55.0,,69.1,83.0,50.0,50.0,0,0,0,1,0,0
Nicaragua,2001,58.0,30.0,31.0,,80.8,71.2,,55.0,,68.6,65.6,70.0,50.0,0,0,0,1,0,0
Panama,2001,70.6,50.0,50.0,,81.0,74.8,,70.0,,88.3,61.0,70.0,90.0,0,0,0,1,0,0
Paraguay,2001,60.3,30.0,20.0,,89.7,90.3,,55.0,,72.1,65.8,70.0,50.0,0,0,0,0,0,1
Peru,2001,69.6,50.0,46.0,,80.1,92.3,,70.0,,81.0,66.6,70.0,70.0,0,0,0,0,0,1
Suriname,2001,44.3,50.0,10.0,,63.8,78.1,,55.0,,36.7,25.0,50.0,30.0,0,0,0,0,0,1
Bahamas,2001,74.8,90.0,70.0,,97.3,89.2,,100.0,,87.3,19.4,50.0,70.0,0,0,0,1,0,0
Trinidad and Tobago,2001,71.8,70.0,50.0,,70.9,76.5,,70.0,,82.4,66.8,90.0,70.0,0,0,0,1,0,0
United States,2001,79.1,90.0,75.0,,63.5,71.2,,85.0,,85.9,81.0,70.0,90.0,0,0,0,1,0,0
Uruguay,2001,70.7,70.0,44.0,,86.5,71.2,,70.0,,76.9,77.8,70.0,70.0,0,0,0,0,0,1
Venezuela,2001,54.6,30.0,26.0,,75.5,88.0,,55.0,,55.9,61.4,50.0,50.0,0,0,0,0,0,1
Argentina,2000,70.0,70.0,30.0,,74.0,79.7,,85.0,,89.6,62.0,70.0,70.0,0,0,0,0,0,1
Barbados,2000,69.5,70.0,70.0,,58.6,67.3,,70.0,,88.0,62.0,70.0,70.0,0,0,0,1,0,0
Belize,2000,63.3,50.0,50.0,,58.9,74.8,,70.0,,92.0,53.8,70.0,50.0,0,0,0,1,0,0
Bolivia,2000,65.0,50.0,28.0,,89.0,65.3,,55.0,,82.8,75.2,70.0,70.0,0,0,0,0,0,1
Brazil,2000,61.1,50.0,40.0,,87.2,71.2,,70.0,,80.5,51.0,50.0,50.0,0,0,0,0,0,1
Canada,2000,70.5,90.0,92.0,,40.0,41.9,,85.0,,88.1,77.4,50.0,70.0,0,0,0,1,0,0
Chile,2000,74.7,90.0,68.0,,73.2,85.5,,85.0,,80.1,70.4,70.0,50.0,0,0,0,0,0,1
Colombia,2000,63.3,50.0,22.0,,72.4,84.1,,70.0,,67.6,63.8,70.0,70.0,0,0,0,0,0,1
Costa Rica,2000,68.4,50.0,56.0,,83.2,88.0,,70.0,,72.5,75.6,70.0,50.0,0,0,0,1,0,0
Cuba,2000,31.3,10.0,10.0,,47.6,0.0,,40.0,,73.2,60.6,30.0,10.0,0,0,0,1,0,0
Dominican Republic,2000,59.0,30.0,30.0,,85.3,93.3,,55.0,,79.9,57.8,50.0,50.0,0,0,0,1,0,0
Ecuador,2000,59.8,50.0,23.0,,86.6,78.1,,55.0,,58.3,67.0,70.0,50.0,0,0,0,0,0,1
El Salvador,2000,76.3,70.0,36.0,,83.7,94.1,,85.0,,82.9,75.0,90.0,70.0,0,0,0,1,0,0
Guatemala,2000,64.3,50.0,31.0,,82.7,96.4,,55.0,,72.2,71.8,50.0,70.0,0,0,0,1,0,0
Guyana,2000,52.4,50.0,30.0,,59.9,44.5,,55.0,,81.4,51.0,50.0,50.0,0,0,0,0,0,1
Haiti,2000,45.7,10.0,10.0,,78.3,90.3,,40.0,,61.4,61.8,30.0,30.0,0,0,0,1,0,0
Honduras,2000,57.6,50.0,17.0,,82.3,86.8,,55.0,,64.5,63.0,50.0,50.0,0,0,0,1,0,0
Jamaica,2000,65.5,70.0,38.0,,77.4,73.0,,70.0,,74.5,67.0,70.0,50.0,0,0,0,1,0,0
Mexico,2000,59.3,50.0,33.0,,73.1,92.3,,55.0,,67.6,63.0,70.0,30.0,0,0,0,1,0,0
Nicaragua,2000,56.9,30.0,30.0,,76.1,76.5,,55.0,,68.1,56.0,70.0,50.0,0,0,0,1,0,0
Panama,2000,71.6,50.0,50.0,,77.7,78.1,,70.0,,89.2,69.0,70.0,90.0,0,0,0,1,0,0
Paraguay,2000,64.0,30.0,15.0,,89.6,89.2,,55.0,,69.7,67.6,90.0,70.0,0,0,0,0,0,1
Peru,2000,68.7,50.0,45.0,,80.0,88.0,,70.0,,77.2,67.8,70.0,70.0,0,0,0,0,0,1
Suriname,2000,45.8,50.0,10.0,,69.6,56.7,,55.0,,66.0,25.0,50.0,30.0,0,0,0,0,0,1
Bahamas,2000,73.9,90.0,70.0,,97.2,85.5,,100.0,,87.0,15.0,50.0,70.0,0,0,0,1,0,0
Trinidad and Tobago,2000,74.5,90.0,50.0,,71.2,81.3,,70.0,,81.0,66.8,90.0,70.0,0,0,0,1,0,0
United States,2000,76.4,90.0,75.0,,63.8,69.3,,85.0,,86.3,78.4,70.0,70.0,0,0,0,1,0,0
Uruguay,2000,69.3,70.0,43.0,,88.2,69.3,,70.0,,70.8,72.6,70.0,70.0,0,0,0,0,0,1
Venezuela,2000,57.4,50.0,23.0,,74.0,86.8,,70.0,,47.5,65.6,50.0,50.0,0,0,0,0,0,1
Argentina,1999,70.6,70.0,28.0,,77.6,83.9,,85.0,,89.8,61.2,70.0,70.0,0,0,0,0,0,1
Barbados,1999,66.7,70.0,50.0,,60.3,67.9,,70.0,,79.6,62.0,70.0,70.0,0,0,0,1,0,0
Belize,1999,60.7,50.0,50.0,,63.6,74.9,,70.0,,85.0,33.0,70.0,50.0,0,0,0,1,0,0
Bolivia,1999,65.6,50.0,21.0,,88.9,77.8,,55.0,,83.2,74.8,70.0,70.0,0,0,0,0,0,1
Brazil,1999,61.3,50.0,36.0,,88.7,79.2,,70.0,,71.0,57.4,50.0,50.0,0,0,0,0,0,1
Canada,1999,69.3,90.0,91.0,,39.2,34.9,,85.0,,86.9,77.0,50.0,70.0,0,0,0,1,0,0
Chile,1999,74.1,90.0,61.0,,73.0,87.1,,85.0,,78.7,73.0,70.0,50.0,0,0,0,0,0,1
Colombia,1999,65.3,50.0,22.0,,75.9,98.9,,70.0,,67.3,63.2,70.0,70.0,0,0,0,0,0,1
Costa Rica,1999,67.4,50.0,65.0,,83.2,85.9,,70.0,,70.4,63.0,70.0,50.0,0,0,0,1,0,0
Cuba,1999,29.7,10.0,10.0,,47.6,10.2,,40.0,,69.2,60.6,10.0,10.0,0,0,0,1,0,0
Dominican Republic,1999,58.1,30.0,30.0,,85.8,91.2,,55.0,,77.1,54.2,50.0,50.0,0,0,0,1,0,0
Ecuador,1999,62.9,50.0,32.0,,87.0,91.4,,55.0,,61.3,69.0,70.0,50.0,0,0,0,0,0,1
El Salvador,1999,75.1,70.0,50.0,,83.6,90.3,,70.0,,79.1,73.0,90.0,70.0,0,0,0,1,0,0
Guatemala,1999,66.2,50.0,50.0,,84.0,97.3,,55.0,,70.4,69.0,50.0,70.0,0,0,0,1,0,0
Guyana,1999,53.3,50.0,30.0,,58.3,54.6,,55.0,,80.5,51.0,50.0,50.0,0,0,0,0,0,1
Haiti,1999,45.9,10.0,10.0,,78.4,97.2,,40.0,,55.8,61.8,30.0,30.0,0,0,0,1,0,0
Honduras,1999,56.7,50.0,30.0,,65.3,86.9,,55.0,,60.4,63.0,50.0,50.0,0,0,0,1,0,0
Jamaica,1999,64.7,70.0,50.0,,77.3,62.2,,70.0,,65.7,67.0,70.0,50.0,0,0,0,1,0,0
Mexico,1999,58.5,50.0,27.0,,73.4,86.3,,55.0,,58.2,77.0,70.0,30.0,0,0,0,1,0,0
Nicaragua,1999,54.0,30.0,10.0,,77.7,59.4,,55.0,,70.0,64.2,70.0,50.0,0,0,0,1,0,0
Panama,1999,72.6,50.0,50.0,,80.9,86.8,,70.0,,87.9,67.6,70.0,90.0,0,0,0,1,0,0
Paraguay,1999,63.7,30.0,10.0,,89.7,90.1,,55.0,,71.8,66.4,90.0,70.0,0,0,0,0,0,1
Peru,1999,69.2,70.0,30.0,,80.2,91.3,,70.0,,75.5,66.0,70.0,70.0,0,0,0,0,0,1
Suriname,1999,40.1,50.0,10.0,,69.6,13.8,,55.0,,57.8,25.0,50.0,30.0,0,0,0,0,0,1
Bahamas,1999,74.7,90.0,70.0,,97.2,87.1,,100.0,,88.4,19.4,50.0,70.0,0,0,0,1,0,0
Trinidad and Tobago,1999,72.4,90.0,50.0,,68.1,79.1,,70.0,,82.8,51.6,90.0,70.0,0,0,0,1,0,0
United States,1999,75.5,90.0,76.0,,64.1,61.3,,85.0,,85.0,78.4,70.0,70.0,0,0,0,1,0,0
Uruguay,1999,68.5,70.0,41.0,,88.4,70.0,,70.0,,64.1,73.0,70.0,70.0,0,0,0,0,0,1
Venezuela,1999,56.1,50.0,28.0,,75.1,77.1,,70.0,,39.7,65.4,50.0,50.0,0,0,0,0,0,1
Argentina,1998,70.9,70.0,34.0,,77.7,83.3,,85.0,,87.7,60.0,70.0,70.0,0,0,0,0,0,1
Barbados,1998,67.9,70.0,50.0,,60.3,73.0,,70.0,,85.9,62.0,70.0,70.0,0,0,0,1,0,0
Belize,1998,59.1,50.0,50.0,,63.7,64.7,,70.0,,80.6,33.0,70.0,50.0,0,0,0,1,0,0
Bolivia,1998,68.8,70.0,34.0,,89.1,77.5,,55.0,,78.6,74.8,70.0,70.0,0,0,0,0,0,1
Brazil,1998,52.3,50.0,30.0,,88.6,74.4,,70.0,,0.0,57.8,50.0,50.0,0,0,0,0,0,1
Canada,1998,68.5,90.0,90.0,,38.1,29.4,,85.0,,86.9,77.0,50.0,70.0,0,0,0,1,0,0
Chile,1998,74.9,90.0,68.0,,73.0,88.1,,85.0,,77.1,73.0,70.0,50.0,0,0,0,0,0,1
Colombia,1998,65.5,50.0,27.0,,76.2,99.1,,70.0,,66.2,61.0,70.0,70.0,0,0,0,0,0,1
Costa Rica,1998,65.6,50.0,50.0,,82.4,87.0,,70.0,,67.7,63.0,70.0,50.0,0,0,0,1,0,0
Cuba,1998,28.2,10.0,10.0,,47.6,0.0,,40.0,,65.4,60.6,10.0,10.0,0,0,0,1,0,0
Dominican Republic,1998,58.1,30.0,30.0,,85.7,91.8,,55.0,,77.8,52.2,50.0,50.0,0,0,0,1,0,0
Ecuador,1998,62.8,50.0,32.0,,86.9,90.9,,55.0,,63.8,67.0,70.0,50.0,0,0,0,0,0,1
El Salvador,1998,70.2,50.0,50.0,,83.5,91.9,,70.0,,75.1,71.0,70.0,70.0,0,0,0,1,0,0
Guatemala,1998,65.8,50.0,50.0,,81.4,97.3,,55.0,,69.6,69.0,50.0,70.0,0,0,0,1,0,0
Guyana,1998,52.7,50.0,30.0,,58.9,53.7,,55.0,,76.2,51.0,50.0,50.0,0,0,0,0,0,1
Haiti,1998,45.7,10.0,10.0,,78.5,96.6,,40.0,,54.0,61.8,30.0,30.0,0,0,0,1,0,0
Honduras,1998,56.2,50.0,30.0,,64.8,85.1,,55.0,,58.3,63.0,50.0,50.0,0,0,0,1,0,0
Jamaica,1998,67.1,70.0,50.0,,75.6,73.5,,70.0,,58.0,67.0,70.0,70.0,0,0,0,1,0,0
Mexico,1998,57.9,50.0,33.0,,73.4,80.9,,55.0,,54.1,74.8,70.0,30.0,0,0,0,1,0,0
Nicaragua,1998,53.8,30.0,10.0,,77.8,58.3,,55.0,,69.0,64.0,70.0,50.0,0,0,0,1,0,0
Panama,1998,72.6,50.0,50.0,,80.7,87.3,,70.0,,88.1,67.6,70.0,90.0,0,0,0,1,0,0
Paraguay,1998,65.2,30.0,10.0,,89.5,90.0,,70.0,,68.4,69.0,90.0,70.0,0,0,0,0,0,1
Peru,1998,65.0,50.0,30.0,,80.4,91.4,,55.0,,72.6,65.2,70.0,70.0,0,0,0,0,0,1
Suriname,1998,39.9,50.0,10.0,,60.6,48.6,,55.0,,29.9,25.0,50.0,30.0,0,0,0,0,0,1
Bahamas,1998,74.5,90.0,70.0,,97.2,87.4,,100.0,,86.9,19.4,50.0,70.0,0,0,0,1,0,0
Trinidad and Tobago,1998,72.0,90.0,50.0,,67.4,78.5,,70.0,,81.8,50.4,90.0,70.0,0,0,0,1,0,0
United States,1998,75.4,90.0,77.0,,64.3,60.3,,85.0,,84.3,78.4,70.0,70.0,0,0,0,1,0,0
Uruguay,1998,68.6,70.0,50.0,,88.6,69.3,,70.0,,58.5,71.0,70.0,70.0,0,0,0,0,0,1
Venezuela,1998,54.0,50.0,25.0,,75.4,67.9,,70.0,,31.1,67.0,50.0,50.0,0,0,0,0,0,1
Argentina,1997,73.3,70.0,52.0,,80.2,90.0,,85.0,,82.0,60.0,70.0,70.0,0,0,0,0,0,1
Barbados,1997,64.5,50.0,50.0,,60.7,73.0,,70.0,,87.5,49.0,70.0,70.0,0,0,0,1,0,0
Belize,1997,64.3,70.0,50.0,,63.3,88.2,,70.0,,84.6,33.0,70.0,50.0,0,0,0,1,0,0
Bolivia,1997,65.1,50.0,30.0,,89.1,76.1,,55.0,,80.5,65.4,70.0,70.0,0,0,0,0,0,1
Brazil,1997,52.6,50.0,27.0,,88.3,80.8,,70.0,,0.0,57.0,50.0,50.0,0,0,0,0,0,1
Canada,1997,67.9,90.0,89.0,,38.1,25.9,,85.0,,86.8,77.0,50.0,70.0,0,0,0,1,0,0
Chile,1997,75.9,90.0,79.0,,73.5,86.6,,85.0,,75.6,73.0,70.0,50.0,0,0,0,0,0,1
Colombia,1997,66.4,50.0,34.0,,77.3,99.3,,70.0,,65.4,61.0,70.0,70.0,0,0,0,0,0,1
Costa Rica,1997,65.6,50.0,50.0,,82.7,87.9,,70.0,,67.0,63.0,70.0,50.0,0,0,0,1,0,0
Cuba,1997,27.8,10.0,10.0,,47.6,0.0,,40.0,,62.9,60.0,10.0,10.0,0,0,0,1,0,0
Dominican Republic,1997,53.5,30.0,30.0,,85.7,89.6,,55.0,,74.2,17.0,50.0,50.0,0,0,0,1,0,0
Ecuador,1997,61.0,50.0,30.0,,78.2,91.0,,55.0,,57.7,67.0,70.0,50.0,0,0,0,0,0,1
El Salvador,1997,70.5,50.0,50.0,,83.6,92.0,,70.0,,74.1,75.0,70.0,70.0,0,0,0,1,0,0
Guatemala,1997,65.7,50.0,50.0,,81.5,97.5,,55.0,,70.7,67.0,50.0,70.0,0,0,0,1,0,0
Guyana,1997,53.2,50.0,30.0,,59.8,61.8,,55.0,,72.9,49.8,50.0,50.0,0,0,0,0,0,1
Haiti,1997,45.8,10.0,10.0,,78.7,98.7,,40.0,,50.0,65.0,30.0,30.0,0,0,0,1,0,0
Honduras,1997,56.0,50.0,30.0,,65.4,82.9,,55.0,,57.8,63.0,50.0,50.0,0,0,0,1,0,0
Jamaica,1997,67.7,70.0,50.0,,76.3,76.6,,70.0,,59.1,67.0,70.0,70.0,0,0,0,1,0,0
Mexico,1997,57.1,50.0,32.0,,73.2,82.7,,55.0,,57.8,63.0,70.0,30.0,0,0,0,1,0,0
Nicaragua,1997,53.3,30.0,10.0,,78.3,61.1,,55.0,,69.3,56.0,70.0,50.0,0,0,0,1,0,0
Panama,1997,72.4,50.0,50.0,,80.8,87.1,,70.0,,88.8,65.0,70.0,90.0,0,0,0,1,0,0
Paraguay,1997,67.3,50.0,10.0,,89.9,92.2,,70.0,,65.0,69.0,90.0,70.0,0,0,0,0,0,1
Peru,1997,63.8,50.0,30.0,,80.5,92.0,,55.0,,68.5,58.6,70.0,70.0,0,0,0,0,0,1
Suriname,1997,35.9,50.0,10.0,,41.7,61.1,,55.0,,0.0,25.0,50.0,30.0,0,0,0,0,0,1
Bahamas,1997,74.5,90.0,70.0,,97.3,87.8,,100.0,,86.1,19.0,50.0,70.0,0,0,0,1,0,0
Trinidad and Tobago,1997,71.3,90.0,50.0,,68.2,79.6,,70.0,,78.8,45.0,90.0,70.0,0,0,0,1,0,0
United States,1997,75.6,90.0,78.0,,64.5,60.0,,85.0,,84.5,78.4,70.0,70.0,0,0,0,1,0,0
Uruguay,1997,67.5,70.0,50.0,,88.3,67.1,,70.0,,53.1,69.0,70.0,70.0,0,0,0,0,0,1
Venezuela,1997,52.8,50.0,27.0,,75.0,47.1,,70.0,,41.7,65.0,50.0,50.0,0,0,0,0,0,1
Argentina,1996,74.7,70.0,70.0,,80.2,89.4,,85.0,,77.5,60.0,70.0,70.0,0,0,0,0,0,1
Barbados,1996,62.3,50.0,30.0,,60.8,71.5,,70.0,,89.0,49.0,70.0,70.0,0,0,0,1,0,0
Belize,1996,61.6,70.0,50.0,,63.3,68.7,,70.0,,85.4,27.0,70.0,50.0,0,0,0,1,0,0
Bolivia,1996,65.2,50.0,30.0,,89.2,75.3,,55.0,,81.6,65.4,70.0,70.0,0,0,0,0,0,1
Brazil,1996,48.1,50.0,30.0,,66.7,74.4,,55.0,,0.0,57.0,50.0,50.0,0,0,0,0,0,1
Canada,1996,70.3,90.0,90.0,,64.6,18.3,,85.0,,89.7,75.2,50.0,70.0,0,0,0,1,0,0
Chile,1996,72.6,90.0,50.0,,89.8,85.9,,85.0,,68.0,65.0,70.0,50.0,0,0,0,0,0,1
Colombia,1996,64.3,50.0,10.0,,80.4,99.2,,70.0,,64.1,65.0,70.0,70.0,0,0,0,0,0,1
Costa Rica,1996,66.4,50.0,50.0,,82.5,90.5,,70.0,,71.9,63.0,70.0,50.0,0,0,0,1,0,0
Cuba,1996,27.8,10.0,10.0,,47.6,0.0,,40.0,,62.9,60.0,10.0,10.0,0,0,0,1,0,0
Dominican Republic,1996,58.1,30.0,30.0,,85.4,89.3,,55.0,,78.0,55.0,50.0,50.0,0,0,0,1,0,0
Ecuador,1996,60.1,50.0,30.0,,79.0,92.5,,55.0,,53.0,61.0,70.0,50.0,0,0,0,0,0,1
El Salvador,1996,70.1,50.0,50.0,,83.7,92.0,,70.0,,72.5,73.0,70.0,70.0,0,0,0,1,0,0
Guatemala,1996,63.7,50.0,50.0,,84.1,96.6,,55.0,,69.0,69.0,50.0,50.0,0,0,0,1,0,0
Guyana,1996,50.1,50.0,30.0,,55.9,37.3,,55.0,,71.5,51.0,50.0,50.0,0,0,0,0,0,1
Haiti,1996,41.0,10.0,10.0,,78.6,97.7,,40.0,,47.5,65.0,10.0,10.0,0,0,0,1,0,0
Honduras,1996,56.6,50.0,30.0,,65.5,82.7,,55.0,,63.3,63.0,50.0,50.0,0,0,0,1,0,0
Jamaica,1996,66.7,70.0,50.0,,76.2,76.5,,70.0,,52.2,65.0,70.0,70.0,0,0,0,1,0,0
Mexico,1996,61.2,50.0,50.0,,73.1,93.1,,55.0,,66.6,63.0,70.0,30.0,0,0,0,1,0,0
Nicaragua,1996,54.1,30.0,10.0,,78.6,68.5,,55.0,,68.5,56.0,70.0,50.0,0,0,0,1,0,0
Panama,1996,71.8,50.0,50.0,,77.6,85.2,,70.0,,88.2,65.0,70.0,90.0,0,0,0,1,0,0
Paraguay,1996,67.1,50.0,10.0,,90.1,92.8,,70.0,,62.0,69.0,90.0,70.0,0,0,0,0,0,1
Peru,1996,62.5,50.0,30.0,,81.0,93.4,,55.0,,57.9,55.0,70.0,70.0,0,0,0,0,0,1
Suriname,1996,36.7,50.0,10.0,,49.5,45.8,,70.0,,0.0,25.0,50.0,30.0,0,0,0,0,0,1
Bahamas,1996,74.0,90.0,70.0,,97.8,83.6,,100.0,,85.8,19.0,50.0,70.0,0,0,0,1,0,0
Trinidad and Tobago,1996,69.2,90.0,50.0,,64.5,77.5,,70.0,,75.9,35.0,90.0,70.0,0,0,0,1,0,0
United States,1996,76.7,90.0,90.0,,64.7,57.8,,85.0,,84.5,78.4,70.0,70.0,0,0,0,1,0,0
Uruguay,1996,63.7,50.0,50.0,,83.0,66.9,,70.0,,50.6,63.0,70.0,70.0,0,0,0,0,0,1
Venezuela,1996,54.5,50.0,10.0,,75.2,76.1,,70.0,,44.1,65.0,50.0,50.0,0,0,0,0,0,1
Argentina,1995,68.0,70.0,50.0,,80.7,86.6,,85.0,,61.1,58.4,70.0,50.0,0,0,0,0,0,1
Belize,1995,62.9,70.0,50.0,,63.2,64.7,,70.0,,86.5,42.0,70.0,50.0,0,0,0,1,0,0
Bolivia,1995,56.8,50.0,10.0,,91.0,60.7,,55.0,,79.5,65.4,70.0,30.0,0,0,0,0,0,1
Brazil,1995,51.4,50.0,50.0,,76.7,74.4,,55.0,,0.0,56.4,50.0,50.0,0,0,0,0,0,1
Canada,1995,69.4,90.0,90.0,,64.2,14.8,,85.0,,85.9,75.2,50.0,70.0,0,0,0,1,0,0
Chile,1995,71.2,90.0,50.0,,79.4,87.0,,85.0,,66.2,63.0,70.0,50.0,0,0,0,0,0,1
Colombia,1995,64.5,50.0,10.0,,80.5,86.0,,85.0,,63.7,65.0,70.0,70.0,0,0,0,0,0,1
Costa Rica,1995,68.0,50.0,50.0,,82.6,90.8,,70.0,,70.9,78.0,70.0,50.0,0,0,0,1,0,0
Cuba,1995,27.8,10.0,10.0,,47.6,0.0,,40.0,,62.9,60.0,10.0,10.0,0,0,0,1,0,0
Dominican Republic,1995,55.8,30.0,30.0,,84.3,95.3,,55.0,,76.2,31.0,50.0,50.0,0,0,0,1,0,0
Ecuador,1995,57.7,50.0,10.0,,81.8,94.9,,55.0,,46.3,61.0,70.0,50.0,0,0,0,0,0,1
El Salvador,1995,69.1,50.0,50.0,,83.8,93.6,,70.0,,69.4,65.0,70.0,70.0,0,0,0,1,0,0
Guatemala,1995,62.0,50.0,50.0,,86.8,96.6,,55.0,,66.9,52.4,50.0,50.0,0,0,0,1,0,0
Guyana,1995,45.7,50.0,10.0,,55.8,30.3,,55.0,,64.0,66.0,50.0,30.0,0,0,0,0,0,1
Haiti,1995,43.0,10.0,10.0,,78.6,95.5,,40.0,,52.8,80.0,10.0,10.0,0,0,0,1,0,0
Honduras,1995,57.0,50.0,30.0,,65.5,83.4,,55.0,,67.8,61.0,50.0,50.0,0,0,0,1,0,0
Jamaica,1995,64.4,50.0,50.0,,77.5,76.5,,70.0,,50.9,65.0,70.0,70.0,0,0,0,1,0,0
Mexico,1995,63.1,70.0,50.0,,72.4,86.8,,55.0,,67.8,66.2,70.0,30.0,0,0,0,1,0,0
Nicaragua,1995,42.5,30.0,10.0,,78.3,75.1,,55.0,,0.0,54.4,50.0,30.0,0,0,0,1,0,0
Panama,1995,71.6,50.0,50.0,,77.5,84.0,,70.0,,88.7,64.4,70.0,90.0,0,0,0,1,0,0
Paraguay,1995,65.9,50.0,10.0,,90.1,91.5,,70.0,,63.1,58.4,90.0,70.0,0,0,0,0,0,1
Peru,1995,56.9,50.0,10.0,,81.1,89.5,,55.0,,35.9,51.0,70.0,70.0,0,0,0,0,0,1
Bahamas,1995,71.8,90.0,70.0,,97.7,86.9,,100.0,,82.6,19.0,30.0,70.0,0,0,0,1,0,0
United States,1995,76.7,90.0,90.0,,64.8,57.8,,85.0,,83.8,78.4,70.0,70.0,0,0,0,1,0,0
Uruguay,1995,62.5,50.0,50.0,,84.6,79.6,,70.0,,45.2,63.0,70.0,50.0,0,0,0,0,0,1
Venezuela,1995,59.8,50.0,10.0,,80.0,76.1,,85.0,,52.0,65.0,50.0,70.0,0,0,0,0,0,1
